,Player,Team,POS,RUSH_ATT,RUSH_YD,RUSH_TD,REC,REC_YD,REC_TD,FL,PASS_ATT,CMP,PASS_YD,PASS_TD,INTS,FantasyPoints
1,Christian McCaffrey,CAR,RB,297,1302,12,97,785,4,3,0,0,0,0,0,
2,Dalvin Cook,MIN,RB,318,1492,13,55,472,2,3,0,0,0,0,0,
3,Derrick Henry,TEN,RB,341,1670,14,24,180,1,3,0,0,0,0,0,
4,Alvin Kamara,NO,RB,207,941,10,80,686,4,2,0,0,0,0,0,
5,Nick Chubb,CLE,RB,274,1372,11,29,225,1,2,0,0,0,0,0,
6,Aaron Jones,GB,RB,232,1124,10,51,393,3,2,0,0,0,0,0,
7,Jonathan Taylor,IND,RB,271,1252,11,42,321,2,2,0,0,0,0,0,
8,Ezekiel Elliott,DAL,RB,282,1209,10,53,393,2,3,0,0,0,0,0,
9,Saquon Barkley,NYG,RB,265,1198,9,56,433,2,2,0,0,0,0,0,
10,Joe Mixon,CIN,RB,277,1165,8,50,367,3,2,0,0,0,0,0,
11,Najee Harris,PIT,RB,259,1152,9,49,366,2,3,0,0,0,0,0,
12,Austin Ekeler,LAC,RB,181,821,5,80,690,5,2,0,0,0,0,0,
13,Antonio Gibson,WAS,RB,242,1086,10,46,331,1,2,0,0,0,0,0,
14,Clyde Edwards-Helaire,KC,RB,222,999,7,51,389,2,2,0,0,0,0,0,
15,Chris Carson,SEA,RB,231,1056,7,43,321,2,2,0,0,0,0,0,
16,J.K. Dobbins,BAL,RB,212,1076,9,32,241,1,2,0,0,0,0,0,
17,David Montgomery,CHI,RB,254,1061,8,39,312,2,2,0,0,0,0,0,
18,Josh Jacobs,LV,RB,251,1073,10,32,237,1,2,0,0,0,0,0,
19,D'Andre Swift,DET,RB,195,870,8,59,436,2,2,0,0,0,0,0,
20,Miles Sanders,PHI,RB,222,1060,7,41,337,2,2,0,0,0,0,0,
21,Darrell Henderson,LAR,RB,235,1011,8,32,269,2,2,0,0,0,0,0,
22,Myles Gaskin,MIA,RB,214,909,6,48,371,2,2,0,0,0,0,0,
23,Mike Davis,ATL,RB,222,877,7,49,311,2,2,0,0,0,0,0,
24,Chase Edmonds,ARI,RB,168,748,5,52,379,3,2,0,0,0,0,0,
25,Kareem Hunt,CLE,RB,156,689,6,39,314,3,1,0,0,0,0,0,
26,Travis Etienne,JAC,RB,134,596,4,63,501,3,3,0,0,0,0,0,
27,Damien Harris,NE,RB,211,992,6,12,88,0,1,0,0,0,0,0,
28,Javonte Williams,DEN,RB,188,836,6,26,202,1,2,0,0,0,0,0,
29,Raheem Mostert,SF,RB,154,769,6,24,207,1,1,0,0,0,0,0,
30,James Robinson,JAC,RB,183,802,6,30,217,1,2,0,0,0,0,0,
31,Leonard Fournette,TB,RB,167,685,6,29,198,1,1,0,0,0,0,0,
32,David Johnson,HOU,RB,142,594,4,35,316,2,1,0,0,0,0,0,
33,Melvin Gordon III,DEN,RB,169,744,6,22,140,1,2,0,0,0,0,0,
34,Zack Moss,BUF,RB,157,671,6,25,176,1,1,0,0,0,0,0,
35,James Conner,ARI,RB,150,672,6,23,161,1,1,0,0,0,0,0,
36,Ronald Jones II,TB,RB,162,729,5,16,113,0,1,0,0,0,0,0,
37,Michael Carter,NYJ,RB,155,647,4,32,241,1,2,0,0,0,0,0,
38,Gus Edwards,BAL,RB,152,739,5,11,94,0,1,0,0,0,0,0,
39,Trey Sermon,SF,RB,140,636,5,19,157,1,2,0,0,0,0,0,
40,Kenyan Drake,LV,RB,135,562,5,35,247,1,1,0,0,0,0,0,
41,Jamaal Williams,DET,RB,138,567,4,35,239,1,1,0,0,0,0,0,
42,Latavius Murray,NO,RB,142,599,4,25,184,1,1,0,0,0,0,0,
43,AJ Dillon,GB,RB,142,640,5,15,117,1,1,0,0,0,0,0,
44,Devin Singletary,BUF,RB,120,528,3,30,214,1,1,0,0,0,0,0,
45,Tony Pollard,DAL,RB,111,495,3,31,225,1,1,0,0,0,0,0,
46,J.D. McKissic,WAS,RB,66,284,2,56,410,2,1,0,0,0,0,0,
47,Nyheim Hines,IND,RB,62,267,2,50,374,2,1,0,0,0,0,0,
48,James White,NE,RB,53,215,2,52,419,2,1,0,0,0,0,0,
49,Tevin Coleman,NYJ,RB,130,504,4,18,133,0,1,0,0,0,0,0,
50,Alexander Mattison,MIN,RB,116,520,3,16,133,1,1,0,0,0,0,0,
51,Phillip Lindsay,HOU,RB,107,474,3,21,131,0,1,0,0,0,0,0,
52,Xavier Jones,LAR,RB,98,405,3,14,113,1,1,0,0,0,0,0,
53,Rashaad Penny,SEA,RB,87,405,3,14,108,1,1,0,0,0,0,0,
54,Darrel Williams,KC,RB,79,332,3,20,149,1,1,0,0,0,0,0,
55,Tarik Cohen,CHI,RB,53,220,1,45,307,2,1,0,0,0,0,0,
56,Damien Williams,CHI,RB,70,292,3,20,140,1,1,0,0,0,0,0,
57,Sony Michel,NE,RB,93,413,3,8,66,0,1,0,0,0,0,0,
58,Giovani Bernard,TB,RB,55,202,1,36,272,2,1,0,0,0,0,0,
59,Ty Johnson,NYJ,RB,76,330,2,15,105,1,0,0,0,0,0,0,
60,Malcolm Brown,MIA,RB,80,312,4,11,71,0,1,0,0,0,0,0,
61,Justin Jackson,LAC,RB,78,350,2,16,112,0,1,0,0,0,0,0,
62,Qadree Ollison,ATL,RB,79,301,3,10,78,1,1,0,0,0,0,0,
63,Jeff Wilson Jr.,SF,RB,65,287,3,5,48,1,1,0,0,0,0,0,
64,Darrynton Evans,TEN,RB,58,249,2,17,137,1,1,0,0,0,0,0,
65,Joshua Kelley,LAC,RB,97,361,2,9,67,0,2,0,0,0,0,0,
66,Salvon Ahmed,MIA,RB,74,312,2,13,84,0,0,0,0,0,0,0,
67,Marlon Mack,IND,RB,74,315,3,9,62,0,1,0,0,0,0,0,
68,Boston Scott,PHI,RB,53,225,2,22,172,1,1,0,0,0,0,0,
69,Devontae Booker,NYG,RB,78,329,2,12,78,0,1,0,0,0,0,0,
70,Mark Ingram II,HOU,RB,59,244,2,12,99,1,1,0,0,0,0,0,
71,Cordarrelle Patterson,ATL,RB,49,225,1,15,133,1,0,0,0,0,0,0,
72,Rex Burkhead,HOU,RB,36,151,1,18,170,1,1,0,0,0,0,0,
73,Chuba Hubbard,CAR,RB,62,261,2,11,86,0,1,0,0,0,0,0,
74,DeeJay Dallas,SEA,RB,51,203,2,17,123,1,1,0,0,0,0,0,
75,Rhamondre Stevenson,NE,RB,61,264,2,10,73,0,1,0,0,0,0,0,
76,Kenneth Gainwell,PHI,RB,54,248,2,13,104,1,1,0,0,0,0,0,
77,Wayne Gallman,SF,RB,53,235,2,9,72,0,1,0,0,0,0,0,
78,Kyle Juszczyk,SF,RB,14,53,1,22,230,2,1,0,0,0,0,0,
79,Brian Hill,TEN,RB,57,286,1,8,56,0,1,0,0,0,0,0,
80,Jake Funk,LAR,RB,44,185,2,9,75,0,0,0,0,0,0,0,
81,Trayveon Williams,CIN,RB,48,206,1,14,113,1,2,0,0,0,0,0,
82,Javian Hawkins,ATL,RB,59,241,2,5,35,0,0,0,0,0,0,0,
83,Samaje Perine,CIN,RB,51,216,2,9,61,0,0,0,0,0,0,0,
84,Mike Boone,DEN,RB,48,228,2,6,43,0,1,0,0,0,0,0,
85,Peyton Barber,WAS,RB,59,209,2,5,33,0,1,0,0,0,0,0,
86,Benny Snell Jr.,PIT,RB,60,222,2,6,43,0,1,0,0,0,0,0,
87,Matt Breida,BUF,RB,44,189,1,10,76,0,1,0,0,0,0,0,
88,Carlos Hyde,JAC,RB,53,214,1,6,37,0,1,0,0,0,0,0,
89,Brandon Bolden,NE,RB,19,99,2,5,49,1,0,0,0,0,0,0,
90,Larry Rountree III,LAC,RB,37,155,1,5,35,0,0,0,0,0,0,0,
91,Jalen Richard,LV,RB,24,104,1,16,129,0,1,0,0,0,0,0,
92,Jermar Jefferson,DET,RB,28,114,1,11,79,0,0,0,0,0,0,0,
93,Elijah Mitchell,SF,RB,27,124,1,6,52,0,0,0,0,0,0,0,
94,La'Mical Perine,NYJ,RB,32,137,1,4,31,0,0,0,0,0,0,0,
95,Jaylen Samuels,PIT,RB,26,111,1,8,52,0,0,0,0,0,0,0,
96,Raymond Calais,LAR,RB,23,98,1,5,35,0,0,0,0,0,0,0,
97,Anthony McFarland Jr.,PIT,RB,30,116,1,6,45,0,1,0,0,0,0,0,
98,Jerick McKinnon,KC,RB,22,95,0,7,48,0,0,0,0,0,0,0,
99,Ito Smith,ARI,RB,20,85,1,6,39,0,0,0,0,0,0,0,
100,Chris Evans,CIN,RB,24,97,0,4,33,0,0,0,0,0,0,0,
101,Justice Hill,BAL,RB,19,88,1,4,31,0,0,0,0,0,0,0,
102,Demetric Felton,CLE,RB,19,90,1,3,21,0,0,0,0,0,0,0,
103,Kylin Hill,GB,RB,25,102,0,4,28,0,0,0,0,0,0,0,
104,Dontrell Hilliard,HOU,RB,12,45,1,5,36,0,0,0,0,0,0,0,
105,Ameer Abdullah,MIN,RB,15,69,0,6,44,0,0,0,0,0,0,0,
106,Jeremy McNichols,TEN,RB,19,87,0,4,23,0,0,0,0,0,0,0,
107,Lamar Miller,WAS,RB,15,62,1,2,19,0,0,0,0,0,0,0,
108,Jordan Howard,PHI,RB,15,64,1,0,5,0,0,0,0,0,0,0,
109,Reggie Bonnafon,CAR,RB,19,88,0,2,18,0,0,0,0,0,0,0,
110,Trey Edmunds,PIT,RB,15,64,0,4,26,0,0,0,0,0,0,0,
111,Travis Homer,SEA,RB,16,69,0,4,30,0,0,0,0,0,0,0,
112,JaMycal Hasty,SF,RB,15,77,0,2,15,0,0,0,0,0,0,0,
113,Gerrid Doaks,MIA,RB,12,51,0,4,33,0,0,0,0,0,0,0,
114,Ke'Shawn Vaughn,TB,RB,15,64,1,2,17,0,0,0,0,0,0,0,
115,D'Ernest Johnson,CLE,RB,18,78,0,2,17,0,0,0,0,0,0,0,
116,Kerryon Johnson,PHI,RB,19,74,0,2,18,0,0,0,0,0,0,0,
117,Jordan Wilkins,IND,RB,15,71,0,2,13,0,0,0,0,0,0,0,
118,Eno Benjamin,ARI,RB,16,71,0,2,19,0,0,0,0,0,0,0,
119,Gary Brightwell,NYG,RB,20,88,0,3,22,0,0,0,0,0,0,0,
120,Royce Freeman,DEN,RB,14,60,0,3,20,0,0,0,0,0,0,0,
121,Devonta Freeman,NO,RB,9,35,0,5,42,0,0,0,0,0,0,0,
122,D'Onta Foreman,ATL,RB,17,71,0,1,10,0,0,0,0,0,0,0,
123,Alec Ingold,LV,RB,5,19,0,7,55,0,0,0,0,0,0,0,
124,Patrick Ricard,BAL,RB,1,1,0,9,59,1,1,0,0,0,0,0,
125,C.J. Ham,MIN,RB,5,20,0,6,50,0,0,0,0,0,0,0,
126,Kene Nwangwu,MIN,RB,16,66,0,2,18,0,0,0,0,0,0,0,
127,Tony Brooks-James,PIT,RB,16,65,0,1,6,0,0,0,0,0,0,0,
128,Khalil Herbert,CHI,RB,10,40,0,3,22,0,0,0,0,0,0,0,
129,Ty Montgomery,NO,RB,15,51,0,3,24,0,0,0,0,0,0,0,
130,Alex Armah,NO,RB,4,17,0,4,35,0,0,0,0,0,0,0,
131,Rico Dowdle,DAL,RB,7,29,0,3,23,0,0,0,0,0,0,0,
132,Andrew Beck,DEN,RB,5,21,0,4,28,0,0,0,0,0,0,0,
133,Buddy Howell,HOU,RB,4,17,0,4,29,0,0,0,0,0,0,0,
134,Alfred Morris,NYG,RB,9,38,0,2,10,0,0,0,0,0,0,0,
135,Nick Bellore,SEA,RB,2,7,0,4,31,0,0,0,0,0,0,0,
136,Gabe Nabers,LAC,RB,3,14,0,3,25,0,0,0,0,0,0,0,
137,Keith Smith,ATL,RB,3,14,0,3,26,0,0,0,0,0,0,0,
138,Kalen Ballage,PIT,RB,7,28,0,2,12,0,0,0,0,0,0,0,
139,Antonio Williams,BUF,RB,9,37,0,0,3,0,0,0,0,0,0,0,
140,Andy Janovich,CLE,RB,1,4,0,4,33,0,0,0,0,0,0,0,
141,Darwin Thompson,KC,RB,7,26,0,2,14,0,0,0,0,0,0,0,
142,Trenton Cannon,CAR,RB,4,17,0,3,19,0,0,0,0,0,0,0,
143,Alex Collins,SEA,RB,5,20,0,1,11,0,0,0,0,0,0,0,
144,Derek Watt,PIT,RB,4,18,0,2,12,0,0,0,0,0,0,0,
145,Ben Mason,BAL,RB,0,0,0,3,28,0,0,0,0,0,0,0,
146,Michael Burton,KC,RB,3,14,0,2,15,0,0,0,0,0,0,0,
147,J.J. Taylor,NE,RB,3,12,0,2,18,0,0,0,0,0,0,0,
148,Josh Adams,NYJ,RB,5,22,0,1,6,0,0,0,0,0,0,0,
149,Corey Clement,NYG,RB,4,18,0,1,4,0,0,0,0,0,0,0,
150,Dexter Williams,GB,RB,4,19,0,0,3,0,0,0,0,0,0,0,
151,Devine Ozigbo,JAC,RB,3,12,0,2,12,0,0,0,0,0,0,0,
152,Dwayne Washington,NO,RB,3,11,0,2,12,0,0,0,0,0,0,0,
153,Elijhaa Penny,NYG,RB,3,10,0,2,11,0,0,0,0,0,0,0,
154,Khari Blasingame,TEN,RB,1,2,0,2,19,0,0,0,0,0,0,0,
155,Jakob Johnson,NE,RB,0,0,0,2,19,0,0,0,0,0,0,0,
156,Dare Ogunbowale,JAC,RB,2,9,0,1,9,0,0,0,0,0,0,0,
157,Jonathan Williams,WAS,RB,2,10,0,1,7,0,0,0,0,0,0,0,
158,Patrick Laird,MIA,RB,2,6,0,1,6,0,0,0,0,0,0,0,
159,Taiwan Jones,BUF,RB,1,5,0,1,7,0,0,0,0,0,0,0,
160,Elijah McGuire,KC,RB,1,4,0,1,7,0,0,0,0,0,0,0,
161,C.J. Prosise,TB,RB,1,4,0,1,7,0,0,0,0,0,0,0,
162,Ryan Nall,CHI,RB,1,4,0,1,6,0,0,0,0,0,0,0,
163,Artavis Pierce,CHI,RB,1,4,0,1,6,0,0,0,0,0,0,0,
164,Adrian Killins Jr.,PHI,RB,1,4,0,1,6,0,0,0,0,0,0,0,
165,Jason Huntley,PHI,RB,1,4,0,1,6,0,0,0,0,0,0,0,
166,Austin Walter,NYJ,RB,1,4,0,1,6,0,0,0,0,0,0,0,
167,LeVante Bellamy,DEN,RB,1,4,0,1,6,0,0,0,0,0,0,0,
168,Nathan Cottrell,JAC,RB,1,4,0,1,6,0,0,0,0,0,0,0,
169,Damarea Crockett,DEN,RB,1,4,0,1,6,0,0,0,0,0,0,0,
170,Scottie Phillips,HOU,RB,1,4,0,1,6,0,0,0,0,0,0,0,
171,Jason Cabinda,DET,RB,1,4,0,1,6,0,0,0,0,0,0,0,
172,Jordan Scarlett,MIA,RB,1,4,0,1,5,0,0,0,0,0,0,0,
173,Taquan Mizzell,NYG,RB,1,4,0,1,5,0,0,0,0,0,0,0,
174,Cullen Gillaspia,NYG,RB,1,4,0,1,5,0,0,0,0,0,0,0,
175,Tony Jones Jr.,NO,RB,1,1,0,0,0,0,0,0,0,0,0,0,
176,0,0,RB,0,0,0,0,0,0,0,0,0,0,0,0,
177,0,0,RB,0,0,0,0,0,0,0,0,0,0,0,0,
1,Tyreek Hill,KC,WR,13,82,1,100,1436,12,1,0,0,0,0,0,
2,Davante Adams,GB,WR,0,0,0,123,1463,13,1,0,0,0,0,0,
3,Stefon Diggs,BUF,WR,2,16,0,114,1477,9,1,0,0,0,0,0,
4,Calvin Ridley,ATL,WR,5,26,0,100,1422,9,1,0,0,0,0,0,
5,DeAndre Hopkins,ARI,WR,1,4,0,122,1468,8,2,0,0,0,0,0,
6,D.K. Metcalf,SEA,WR,0,1,0,87,1301,10,1,0,0,0,0,0,
7,Justin Jefferson,MIN,WR,0,2,0,94,1392,8,1,0,0,0,0,0,
8,A.J. Brown,TEN,WR,1,8,0,85,1268,10,1,0,0,0,0,0,
9,Keenan Allen,LAC,WR,3,16,0,111,1209,8,1,0,0,0,0,0,
10,Mike Evans,TB,WR,0,0,0,76,1114,9,1,0,0,0,0,0,
11,Allen Robinson II,CHI,WR,0,0,0,99,1228,7,1,0,0,0,0,0,
12,Terry McLaurin,WAS,WR,2,12,0,92,1235,7,1,0,0,0,0,0,
13,Amari Cooper,DAL,WR,3,12,0,90,1196,7,1,0,0,0,0,0,
14,Robert Woods,LAR,WR,17,106,1,98,1088,6,1,0,0,0,0,0,
15,Adam Thielen,MIN,WR,3,15,0,80,1021,9,1,0,0,0,0,0,
16,CeeDee Lamb,DAL,WR,8,61,1,84,1090,7,1,0,0,0,0,0,
17,Tyler Lockett,SEA,WR,1,3,0,92,1051,8,1,0,0,0,0,0,
18,Julio Jones,TEN,WR,1,-1,0,79,1115,7,1,0,0,0,0,0,
19,D.J. Moore,CAR,WR,3,20,0,83,1199,5,1,0,0,0,0,0,
20,Cooper Kupp,LAR,WR,4,24,0,93,1068,7,1,0,0,0,0,0,
21,Chris Godwin,TB,WR,0,2,0,82,1068,8,1,0,0,0,0,0,
22,Courtland Sutton,DEN,WR,2,9,0,74,1055,7,1,0,0,0,0,0,
23,Odell Beckham Jr.,CLE,WR,6,51,0,71,994,7,1,0,0,0,0,0,
24,Kenny Golladay,NYG,WR,0,0,0,71,1056,7,1,0,0,0,0,0,
25,Tee Higgins,CIN,WR,2,12,0,79,1058,6,1,0,0,0,0,0,
26,Ja'Marr Chase,CIN,WR,2,8,0,73,1058,6,1,0,0,0,0,0,
27,Brandon Aiyuk,SF,WR,15,82,1,72,915,6,1,0,0,0,0,0,
28,Chase Claypool,PIT,WR,8,44,1,70,894,7,1,0,0,0,0,0,
29,Diontae Johnson,PIT,WR,4,27,0,94,983,6,1,0,0,0,0,0,
30,Brandin Cooks,HOU,WR,1,7,0,75,1051,5,1,0,0,0,0,0,
31,D.J. Chark Jr.,JAC,WR,0,3,0,74,981,6,1,0,0,0,0,0,
32,Deebo Samuel,SF,WR,14,99,1,71,899,5,1,0,0,0,0,0,
33,Robby Anderson,CAR,WR,3,12,0,80,991,5,1,0,0,0,0,0,
34,JuJu Smith-Schuster,PIT,WR,0,0,0,89,903,7,1,0,0,0,0,0,
35,Michael Gallup,DAL,WR,0,0,0,64,942,6,1,0,0,0,0,0,
36,Jerry Jeudy,DEN,WR,0,0,0,69,981,5,1,0,0,0,0,0,
37,Marquise Brown,BAL,WR,2,8,0,61,825,7,1,0,0,0,0,0,
38,Tyler Boyd,CIN,WR,2,16,0,83,923,5,1,0,0,0,0,0,
39,Mike Williams,LAC,WR,0,1,0,55,902,5,1,0,0,0,0,0,
40,Laviska Shenault Jr.,JAC,WR,19,107,1,72,791,5,1,0,0,0,0,0,
41,Jarvis Landry,CLE,WR,2,10,0,74,885,5,1,0,0,0,0,0,
42,Curtis Samuel,WAS,WR,25,129,1,62,735,5,1,0,0,0,0,0,
43,DeVante Parker,MIA,WR,0,0,0,67,857,6,1,0,0,0,0,0,
44,DeVonta Smith,PHI,WR,1,6,0,63,890,5,1,0,0,0,0,0,
45,Michael Thomas,NO,WR,0,-1,0,74,882,5,1,0,0,0,0,0,
46,Will Fuller V,MIA,WR,0,0,0,67,848,5,1,0,0,0,0,0,
47,T.Y. Hilton,IND,WR,0,0,0,63,827,5,1,0,0,0,0,0,
48,Marvin Jones Jr.,JAC,WR,0,0,0,62,787,5,1,0,0,0,0,0,
49,Corey Davis,NYJ,WR,0,0,0,67,874,4,1,0,0,0,0,0,
50,Mecole Hardman,KC,WR,6,44,0,52,732,6,2,0,0,0,0,0,
51,Antonio Brown,TB,WR,2,11,0,62,687,6,1,0,0,0,0,0,
52,Darnell Mooney,CHI,WR,3,16,0,65,768,5,1,0,0,0,0,0,
53,Jaylen Waddle,MIA,WR,1,6,0,57,765,5,1,0,0,0,0,0,
54,Breshad Perriman,DET,WR,2,10,0,53,775,4,0,0,0,0,0,0,
55,Henry Ruggs III,LV,WR,8,42,0,49,759,4,2,0,0,0,0,0,
56,Michael Pittman Jr.,IND,WR,3,23,0,58,753,4,1,0,0,0,0,0,
57,Tyrell Williams,DET,WR,0,0,0,54,775,4,1,0,0,0,0,0,
58,Cole Beasley,BUF,WR,0,0,0,64,739,4,1,0,0,0,0,0,
59,Emmanuel Sanders,BUF,WR,1,7,0,57,697,5,1,0,0,0,0,0,
60,Nelson Agholor,NE,WR,0,1,0,51,724,4,1,0,0,0,0,0,
61,Russell Gage,ATL,WR,1,6,0,67,724,4,1,0,0,0,0,0,
62,Jalen Reagor,PHI,WR,3,18,0,54,724,4,1,0,0,0,0,0,
63,Tre'Quan Smith,NO,WR,0,1,0,44,634,5,0,0,0,0,0,0,
64,Gabriel Davis,BUF,WR,0,0,0,43,630,5,0,0,0,0,0,0,
65,Elijah Moore,NYJ,WR,1,4,0,56,682,4,0,0,0,0,0,0,
66,A.J. Green,ARI,WR,0,0,0,52,634,4,1,0,0,0,0,0,
67,Sterling Shepard,NYG,WR,3,26,0,61,618,4,1,0,0,0,0,0,
68,Randall Cobb,GB,WR,2,8,0,51,613,4,1,0,0,0,0,0,
69,Rondale Moore,ARI,WR,1,6,0,52,640,3,1,0,0,0,0,0,
70,Jamison Crowder,NYJ,WR,0,3,0,53,595,4,1,0,0,0,0,0,
71,Christian Kirk,ARI,WR,4,27,0,45,545,4,1,0,0,0,0,0,
72,DeSean Jackson,LAR,WR,3,17,0,36,562,4,1,0,0,0,0,0,
73,Parris Campbell,IND,WR,5,30,0,45,550,3,0,0,0,0,0,0,
74,John Brown,LV,WR,0,1,0,44,594,3,1,0,0,0,0,0,
75,Jakobi Meyers,NE,WR,1,4,0,48,611,3,0,0,0,0,0,0,
76,Rashod Bateman,BAL,WR,1,5,0,41,543,4,1,0,0,0,0,0,
77,Darius Slayton,NYG,WR,1,3,0,42,571,4,1,0,0,0,0,0,
78,Allen Lazard,GB,WR,1,10,0,41,551,4,1,0,0,0,0,0,
79,Terrace Marshall Jr.,CAR,WR,1,3,0,45,582,3,1,0,0,0,0,0,
80,Marquez Callaway,NO,WR,0,0,0,41,507,3,0,0,0,0,0,0,
81,Van Jefferson,LAR,WR,1,6,0,39,475,3,0,0,0,0,0,0,
82,Hunter Renfrow,LV,WR,0,0,0,42,510,3,1,0,0,0,0,0,
83,Anthony Miller,HOU,WR,2,10,0,42,499,3,1,0,0,0,0,0,
84,Sammy Watkins,BAL,WR,1,8,0,37,454,4,1,0,0,0,0,0,
85,Josh Reynolds,TEN,WR,1,5,0,36,470,3,1,0,0,0,0,0,
86,Marquez Valdes-Scantling,GB,WR,3,15,0,26,438,3,1,0,0,0,0,0,
87,Chris Conley,HOU,WR,0,0,0,35,489,3,1,0,0,0,0,0,
88,Keelan Cole Sr.,NYJ,WR,0,0,0,37,476,3,1,0,0,0,0,0,
89,Denzel Mims,NYJ,WR,0,1,0,34,478,2,0,0,0,0,0,0,
90,James Washington,PIT,WR,0,0,0,33,452,3,1,0,0,0,0,0,
91,Amon-Ra St. Brown,DET,WR,0,0,0,38,461,2,0,0,0,0,0,0,
92,Rashard Higgins,CLE,WR,0,0,0,29,432,3,1,0,0,0,0,0,
93,Demarcus Robinson,KC,WR,0,0,0,34,411,3,1,0,0,0,0,0,
94,D'Wayne Eskridge,SEA,WR,2,8,0,33,404,3,0,0,0,0,0,0,
95,Zach Pascal,IND,WR,0,2,0,28,383,3,0,0,0,0,0,0,
96,Jalen Guyton,LAC,WR,2,8,0,27,420,2,0,0,0,0,0,0,
97,Bryan Edwards,LV,WR,0,0,0,30,416,2,0,0,0,0,0,0,
98,Geronimo Allison,DET,WR,0,0,0,39,419,2,0,0,0,0,0,0,
99,Josh Palmer,LAC,WR,1,6,0,30,417,3,1,0,0,0,0,0,
100,KJ Hamler,DEN,WR,9,44,0,30,362,2,1,0,0,0,0,0,
101,Nico Collins,HOU,WR,0,0,0,31,419,2,0,0,0,0,0,0,
102,Kadarius Toney,NYG,WR,7,40,0,30,353,2,0,0,0,0,0,0,
103,Tim Patrick,DEN,WR,0,0,0,28,375,3,1,0,0,0,0,0,
104,Olamide Zaccheaus,ATL,WR,0,1,0,27,394,2,0,0,0,0,0,0,
105,Keke Coutee,HOU,WR,1,4,0,34,391,2,2,0,0,0,0,0,
106,Preston Williams,MIA,WR,0,0,0,25,315,3,1,0,0,0,0,0,
107,Kendrick Bourne,NE,WR,0,0,0,29,363,2,0,0,0,0,0,0,
108,Mohamed Sanu,SF,WR,1,6,0,34,352,2,1,0,0,0,0,0,
109,Deonte Harris,NO,WR,7,48,0,28,311,2,0,0,0,0,0,0,
110,Tyron Johnson,LAC,WR,2,13,0,20,311,2,0,0,0,0,0,0,
111,Dyami Brown,WAS,WR,0,0,0,23,325,2,0,0,0,0,0,0,
112,Adam Humphries,WAS,WR,0,0,0,30,331,2,0,0,0,0,0,0,
113,Richie James Jr.,SF,WR,1,0,0,24,364,2,2,0,0,0,0,0,
114,Byron Pringle,KC,WR,0,0,0,23,290,2,0,0,0,0,0,0,
115,Quintez Cephus,DET,WR,0,0,0,24,317,2,0,0,0,0,0,0,
116,Damiere Byrd,CHI,WR,0,2,0,27,305,2,1,0,0,0,0,0,
117,Travis Fulgham,PHI,WR,0,0,0,22,290,2,0,0,0,0,0,0,
118,Scotty Miller,TB,WR,1,8,0,17,245,2,0,0,0,0,0,0,
119,Isaiah McKenzie,BUF,WR,6,29,0,19,201,2,0,0,0,0,0,0,
120,Tutu Atwell,LAR,WR,0,0,0,21,277,1,0,0,0,0,0,0,
121,Isaiah Coulter,HOU,WR,1,4,0,18,276,2,1,0,0,0,0,0,
122,Auden Tate,CIN,WR,0,0,0,21,262,1,0,0,0,0,0,0,
123,Amari Rodgers,GB,WR,2,12,0,18,221,1,0,0,0,0,0,0,
124,Donovan Peoples-Jones,CLE,WR,0,0,0,17,226,1,0,0,0,0,0,0,
125,Collin Johnson,JAC,WR,0,0,0,18,213,1,0,0,0,0,0,0,
126,Greg Ward,PHI,WR,0,0,0,21,209,1,0,0,0,0,0,0,
127,N'Keal Harry,NE,WR,1,6,0,15,187,1,0,0,0,0,0,0,
128,Devin Duvernay,BAL,WR,2,12,0,17,188,1,0,0,0,0,0,0,
129,Dez Fitzpatrick,TEN,WR,0,0,0,15,200,1,0,0,0,0,0,0,
130,Marquise Goodwin,CHI,WR,0,0,0,15,198,1,0,0,0,0,0,0,
131,Freddie Swain,SEA,WR,0,0,0,14,176,1,0,0,0,0,0,0,
132,Ty Montgomery,NO,WR,9,39,0,15,155,1,0,0,0,0,0,0,
133,Phillip Dorsett II,JAC,WR,0,0,0,14,173,1,0,0,0,0,0,0,
134,David Moore,CAR,WR,1,8,0,12,163,1,0,0,0,0,0,0,
135,Willie Snead IV,LV,WR,0,0,0,14,168,1,0,0,0,0,0,0,
136,Dede Westbrook,MIN,WR,1,4,0,12,128,1,0,0,0,0,0,0,
137,KeeSean Johnson,ARI,WR,0,0,0,11,122,1,0,0,0,0,0,0,
138,Andy Isabella,ARI,WR,0,0,0,11,137,1,0,0,0,0,0,0,
139,Christian Blake,ATL,WR,0,0,0,13,146,1,0,0,0,0,0,0,
140,Ray-Ray McCloud,PIT,WR,3,19,0,11,114,1,0,0,0,0,0,0,
141,Lynn Bowden Jr.,MIA,WR,10,49,0,11,99,0,0,0,0,0,0,0,
142,Miles Boykin,BAL,WR,1,5,0,9,124,1,0,0,0,0,0,0,
143,Cedrick Wilson,DAL,WR,0,0,0,10,127,1,0,0,0,0,0,0,
144,Chris Moore,HOU,WR,0,0,0,11,121,1,0,0,0,0,0,0,
145,Javon Wims,CHI,WR,0,0,0,10,122,1,0,0,0,0,0,0,
146,Tyler Johnson,TB,WR,0,0,0,8,102,1,0,0,0,0,0,0,
147,Jamal Agnew,JAC,WR,6,34,0,7,76,0,0,0,0,0,0,0,
148,Jeff Smith,NYJ,WR,0,0,0,10,107,1,0,0,0,0,0,0,
149,Noah Brown,DAL,WR,0,0,0,9,106,1,0,0,0,0,0,0,
150,Cameron Batson,TEN,WR,3,15,0,7,80,1,0,0,0,0,0,0,
151,Chad Beebe,MIN,WR,0,0,0,8,96,1,0,0,0,0,0,0,
152,Andre Roberts,HOU,WR,0,0,0,8,102,1,0,0,0,0,0,0,
153,Cam Sims,WAS,WR,0,0,0,8,103,1,0,0,0,0,0,0,
154,Mike Thomas,CIN,WR,0,0,0,8,94,1,0,0,0,0,0,0,
155,Frank Darby,ATL,WR,0,0,0,7,92,1,0,0,0,0,0,0,
156,Chris Hogan,NO,WR,0,0,0,6,85,1,0,0,0,0,0,0,
157,Alex Erickson,HOU,WR,0,0,0,8,93,0,0,0,0,0,0,0,
158,Penny Hart,SEA,WR,2,9,0,6,74,1,0,0,0,0,0,0,
159,Kalif Raymond,DET,WR,0,0,0,8,101,0,0,0,0,0,0,0,
160,Anthony Schwartz,CLE,WR,0,0,0,7,82,1,0,0,0,0,0,0,
161,Juwan Johnson,NO,WR,0,0,0,8,104,0,0,0,0,0,0,0,
162,DaeSean Hamilton,DEN,WR,0,0,0,7,75,1,0,0,0,0,0,0,
163,Steven Sims Jr.,WAS,WR,0,0,0,6,75,0,0,0,0,0,0,0,
164,Nick Westbrook-Ikhine,TEN,WR,0,0,0,5,70,0,0,0,0,0,0,0,
165,Jalen Hurd,SF,WR,5,29,0,3,41,0,0,0,0,0,0,0,
166,Antonio Gandy-Golden,WAS,WR,1,6,0,5,65,0,0,0,0,0,0,0,
167,Albert Wilson,MIA,WR,2,9,0,6,62,0,0,0,0,0,0,0,
168,John Ross,NYG,WR,1,4,0,4,57,1,0,0,0,0,0,0,
169,Tajae Sharpe,ATL,WR,0,0,0,5,59,0,0,0,0,0,0,0,
170,Shi Smith,CAR,WR,0,0,0,5,63,0,0,0,0,0,0,0,
171,Lil'Jordan Humphrey,NO,WR,0,0,0,4,55,0,0,0,0,0,0,0,
172,Diontae Spencer,DEN,WR,2,14,0,4,40,0,0,0,0,0,0,0,
173,Cornell Powell,KC,WR,0,0,0,4,49,0,0,0,0,0,0,0,
174,Simi Fehoko,DAL,WR,0,0,0,4,51,0,0,0,0,0,0,0,
175,Victor Bolden Jr.,DET,WR,0,0,0,5,52,0,0,0,0,0,0,0,
176,Ihmir Smith-Marsette,MIN,WR,0,0,0,5,61,0,0,0,0,0,0,0,
177,Tylan Wallace,BAL,WR,0,0,0,4,46,0,0,0,0,0,0,0,
178,Isaiah Hodgins,BUF,WR,0,0,0,4,47,0,0,0,0,0,0,0,
179,Jaelon Darden,TB,WR,0,0,0,4,48,0,0,0,0,0,0,0,
180,Marcus Johnson,TEN,WR,0,0,0,4,44,0,0,0,0,0,0,0,
181,Greg Dortch,ARI,WR,0,0,0,4,47,0,0,0,0,0,0,0,
182,Quez Watkins,PHI,WR,0,0,0,4,49,0,0,0,0,0,0,0,
183,Riley Ridley,CHI,WR,0,0,0,4,45,0,0,0,0,0,0,0,
184,Trent Sherfield,SF,WR,0,0,0,4,46,0,0,0,0,0,0,0,
185,Jakeem Grant Sr.,MIA,WR,2,8,0,3,35,0,0,0,0,0,0,0,
186,Chester Rogers,TEN,WR,0,0,0,4,38,0,0,0,0,0,0,0,
187,Gunner Olszewski,NE,WR,2,10,0,3,34,0,0,0,0,0,0,0,
188,Zay Jones,LV,WR,0,0,0,3,37,0,0,0,0,0,0,0,
189,Dazz Newsome,CHI,WR,0,0,0,3,43,0,0,0,0,0,0,0,
190,Trent Taylor,CIN,WR,0,0,0,4,40,0,0,0,0,0,0,0,
191,Marcus Kemp,KC,WR,0,0,0,2,31,0,0,0,0,0,0,0,
192,Devin Funchess,GB,WR,0,0,0,2,26,0,0,0,0,0,0,0,
193,Isaac Whitney,ARI,WR,0,0,0,2,24,0,0,0,0,0,0,0,
194,Kawaan Baker,NO,WR,0,0,0,2,26,0,0,0,0,0,0,0,
195,Justin Watson,TB,WR,0,0,0,2,23,0,0,0,0,0,0,0,
196,Terry Godwin,JAC,WR,0,0,0,2,23,0,0,0,0,0,0,0,
197,J.J. Arcega-Whiteside,PHI,WR,0,0,0,2,23,0,0,0,0,0,0,0,
198,Brandon Powell,BUF,WR,0,0,0,2,22,0,0,0,0,0,0,0,
199,K.J. Hill Jr.,LAC,WR,1,6,0,1,17,0,0,0,0,0,0,0,
200,Braxton Berrios,NYJ,WR,1,6,0,2,17,0,0,0,0,0,0,0,
201,Allen Hurns,MIA,WR,0,0,0,2,17,0,0,0,0,0,0,0,
202,Mike Strachan,IND,WR,0,0,0,2,21,0,0,0,0,0,0,0,
203,Dezmon Patmon,IND,WR,0,0,0,2,21,0,0,0,0,0,0,0,
204,Racey McMath,TEN,WR,0,0,0,2,19,0,0,0,0,0,0,0,
205,Equanimeous St. Brown,GB,WR,0,0,0,1,17,0,0,0,0,0,0,0,
206,Travis Benjamin,SF,WR,0,0,0,1,17,0,0,0,0,0,0,0,
207,Seth Williams,DEN,WR,0,0,0,2,20,0,0,0,0,0,0,0,
208,Malik Taylor,GB,WR,0,0,0,1,14,0,0,0,0,0,0,0,
209,Malcolm Perry,MIA,WR,2,9,0,1,9,0,0,0,0,0,0,0,
210,Kendall Hinton,DEN,WR,1,6,0,1,12,0,0,0,0,0,0,0,
211,Brandon Zylstra,CAR,WR,0,0,0,1,15,0,0,0,0,0,0,0,
212,Isaiah Ford,MIA,WR,0,0,0,2,15,0,0,0,0,0,0,0,
213,Joe Reed,LAC,WR,1,5,0,1,9,0,0,0,0,0,0,0,
214,Matt Cole,NYG,WR,1,4,0,1,10,0,0,0,0,0,0,0,
215,DeMichael Harris,IND,WR,1,5,0,1,8,0,0,0,0,0,0,0,
216,Trey Quinn,LV,WR,0,0,0,1,12,0,0,0,0,0,0,0,
217,Antonio Callaway,KC,WR,0,0,0,1,11,0,0,0,0,0,0,0,
218,Damion Ratley,DET,WR,0,0,0,1,12,0,0,0,0,0,0,0,
219,Malik Turner,DAL,WR,0,0,0,1,11,0,0,0,0,0,0,0,
220,Kelvin Harmon,WAS,WR,0,0,0,1,11,0,0,0,0,0,0,0,
221,DeAndre Carter,WAS,WR,0,0,0,1,10,0,0,0,0,0,0,0,
222,Vyncint Smith,NYJ,WR,0,0,0,1,10,0,0,0,0,0,0,0,
223,John Hightower,PHI,WR,0,0,0,1,10,0,0,0,0,0,0,0,
224,Gehrig Dieter,KC,WR,0,0,0,1,10,0,0,0,0,0,0,0,
225,Isaiah Wright,WAS,WR,0,0,0,1,10,0,0,0,0,0,0,0,
226,Jason Moore,LAC,WR,0,0,0,1,10,0,0,0,0,0,0,0,
227,Nsimba Webster,SF,WR,0,0,0,1,10,0,0,0,0,0,0,0,
228,Darrius Shepherd,KC,WR,0,0,0,1,10,0,0,0,0,0,0,0,
229,Josh Malone,NYJ,WR,0,0,0,1,9,0,0,0,0,0,0,0,
230,Jake Lampman,NO,WR,0,0,0,1,9,0,0,0,0,0,0,0,
231,Jeff Badet,ATL,WR,0,0,0,1,9,0,0,0,0,0,0,0,
232,Chris Rowland,ATL,WR,0,0,0,1,9,0,0,0,0,0,0,0,
233,Keelan Doss,LV,WR,0,0,0,1,9,0,0,0,0,0,0,0,
234,Chad Hansen,DET,WR,0,0,0,1,9,0,0,0,0,0,0,0,
235,Trenton Irwin,CIN,WR,0,0,0,1,9,0,0,0,0,0,0,0,
236,Tanner Gentry,BUF,WR,0,0,0,1,9,0,0,0,0,0,0,0,
237,Marcell Ateman,LV,WR,0,0,0,1,9,0,0,0,0,0,0,0,
238,Lawrence Cager,NYJ,WR,0,0,0,1,9,0,0,0,0,0,0,0,
239,Cyril Grayson Jr.,TB,WR,0,0,0,1,9,0,0,0,0,0,0,0,
240,John Ursua,SEA,WR,0,0,0,1,9,0,0,0,0,0,0,0,
241,Stanley Morgan Jr.,CIN,WR,0,0,0,1,9,0,0,0,0,0,0,0,
242,Darvin Kidsy,SEA,WR,0,0,0,1,9,0,0,0,0,0,0,0,
243,Marvin Hall,NE,WR,0,0,0,1,9,0,0,0,0,0,0,0,
244,Chad Williams,KC,WR,0,0,0,1,9,0,0,0,0,0,0,0,
245,KhaDarel Hodge,CLE,WR,0,0,0,1,9,0,0,0,0,0,0,0,
246,Robert Foster,MIA,WR,0,0,0,1,9,0,0,0,0,0,0,0,
247,Dan Chisena,MIN,WR,0,0,0,1,9,0,0,0,0,0,0,0,
248,K.J. Osborn,MIN,WR,0,0,0,1,9,0,0,0,0,0,0,0,
249,Derrick Willies,CLE,WR,0,0,0,1,9,0,0,0,0,0,0,0,
250,Alexander Hollins,CLE,WR,0,0,0,1,9,0,0,0,0,0,0,0,
251,Laquon Treadwell,JAC,WR,0,0,0,1,8,0,0,0,0,0,0,0,
252,Dante Pettis,NYG,WR,0,0,0,1,8,0,0,0,0,0,0,0,
253,Ja'Marcus Bradley,CLE,WR,0,0,0,1,8,0,0,0,0,0,0,0,
254,JoJo Natson,CLE,WR,0,0,0,1,8,0,0,0,0,0,0,0,
255,Ashton Dulin,IND,WR,0,0,0,1,8,0,0,0,0,0,0,0,
256,River Cracraft,SF,WR,0,0,0,1,8,0,0,0,0,0,0,0,
257,Justin Hardy,CHI,WR,0,0,0,1,8,0,0,0,0,0,0,0,
258,Mack Hollins,MIA,WR,0,0,0,1,8,0,0,0,0,0,0,0,
259,Fred Brown,TEN,WR,0,0,0,1,8,0,0,0,0,0,0,0,
260,Tyrie Cleveland,DEN,WR,0,0,0,1,8,0,0,0,0,0,0,0,
261,Kevin White,SF,WR,0,0,0,1,8,0,0,0,0,0,0,0,
262,Cody Hollister,TEN,WR,0,0,0,1,8,0,0,0,0,0,0,0,
263,C.J. Board,NYG,WR,0,0,0,1,8,0,0,0,0,0,0,0,
264,Keith Kirkwood,CAR,WR,0,0,0,1,8,0,0,0,0,0,0,0,
265,Jordan Matthews,SF,WR,0,0,0,1,8,0,0,0,0,0,0,0,
266,Ryan Switzer,CLE,WR,0,0,0,1,7,0,0,0,0,0,0,0,
267,0,0,WR,0,0,0,0,0,0,0,0,0,0,0,0,
268,0,0,WR,0,0,0,0,0,0,0,0,0,0,0,0,
1,Josh Allen,BUF,QB,111,520,8,0,0,0,5,605,400,4566,34,13,
2,Patrick Mahomes II,KC,QB,55,267,3,0,0,0,3,631,419,5028,39,9,
3,Kyler Murray,ARI,QB,126,699,8,0,0,0,4,589,390,4198,27,13,
4,Lamar Jackson,BAL,QB,153,920,7,0,0,0,4,462,296,3378,29,12,
5,Dak Prescott,DAL,QB,63,297,4,0,0,0,4,623,416,4848,31,11,
6,Aaron Rodgers,GB,QB,41,174,2,0,0,0,3,572,386,4448,37,7,
7,Russell Wilson,SEA,QB,83,447,2,0,0,0,4,570,380,4242,34,12,
8,Justin Herbert,LAC,QB,61,273,4,0,0,0,3,616,400,4581,31,12,
9,Tom Brady,TB,QB,25,32,2,0,0,0,2,621,404,4694,37,12,
10,Ryan Tannehill,TEN,QB,52,230,4,0,0,0,3,528,349,4121,31,11,
11,Jalen Hurts,PHI,QB,134,691,6,0,0,0,5,537,328,3704,23,14,
12,Joe Burrow,CIN,QB,54,228,3,0,0,0,4,610,399,4300,26,12,
13,Matthew Stafford,LAR,QB,33,126,1,0,0,0,3,613,406,4570,29,12,
14,Trevor Lawrence,JAC,QB,67,343,2,0,0,0,5,591,378,4131,25,14,
15,Kirk Cousins,MIN,QB,35,114,1,0,0,0,4,542,364,4272,30,13,
16,Matt Ryan,ATL,QB,33,117,1,0,0,0,4,614,401,4509,27,13,
17,Baker Mayfield,CLE,QB,44,168,2,0,0,0,3,537,343,3943,28,11,
18,Derek Carr,LV,QB,30,107,2,0,0,0,5,565,374,4309,26,11,
19,Tua Tagovailoa,MIA,QB,54,206,3,0,0,0,2,574,374,3943,26,14,
20,Ryan Fitzpatrick,WAS,QB,51,245,3,0,0,0,2,576,381,4067,24,17,
21,Ben Roethlisberger,PIT,QB,21,45,1,0,0,0,2,618,401,4179,30,14,
22,Daniel Jones,NYG,QB,70,403,3,0,0,0,9,547,342,3749,22,14,
23,Sam Darnold,CAR,QB,50,220,3,0,0,0,4,556,351,3921,22,15,
24,Zach Wilson,NYJ,QB,66,311,2,0,0,0,6,548,342,3845,21,16,
25,Jared Goff,DET,QB,39,89,2,0,0,0,4,580,371,4158,23,15,
26,Trey Lance,SF,QB,75,372,3,0,0,0,4,411,267,3099,20,11,
27,Justin Fields,CHI,QB,69,344,3,0,0,0,5,462,295,3159,20,11,
28,Carson Wentz,IND,QB,54,235,3,0,0,0,6,468,293,3212,21,11,
29,Deshaun Watson,HOU,QB,49,232,3,0,0,0,2,340,232,2768,16,8,
30,Cam Newton,NE,QB,82,354,6,0,0,0,2,304,198,2188,13,10,
31,Jameis Winston,NO,QB,38,161,1,0,0,0,4,383,248,2790,19,13,
32,Teddy Bridgewater,DEN,QB,32,136,2,0,0,0,1,291,186,2097,13,9,
33,Taysom Hill,NO,QB,76,396,5,0,0,0,3,183,122,1282,8,5,
34,Tyrod Taylor,HOU,QB,30,141,1,0,0,0,1,277,170,1925,10,5,
35,Drew Lock,DEN,QB,28,112,1,0,0,0,2,263,156,1784,11,8,
36,Mac Jones,NE,QB,19,69,1,0,0,0,1,218,137,1536,9,6,
37,Jimmy Garoppolo,SF,QB,12,25,0,0,0,0,1,169,115,1340,8,5,
38,Davis Mills,HOU,QB,13,55,1,0,0,0,1,191,119,1369,7,5,
39,Andy Dalton,CHI,QB,10,32,0,0,0,0,1,140,89,965,6,3,
40,Jacob Eason,IND,QB,9,41,1,0,0,0,0,112,69,754,4,3,
41,Kyle Trask,TB,QB,1,5,0,0,0,0,0,35,21,246,2,1,
42,Taylor Heinicke,WAS,QB,6,23,0,0,0,0,0,37,24,257,2,1,
43,Jeff Driskel,HOU,QB,3,18,0,0,0,0,0,34,21,244,1,1,
44,Mason Rudolph,PIT,QB,3,9,0,0,0,0,0,36,22,243,1,1,
45,Jacoby Brissett,MIA,QB,4,14,0,0,0,0,0,32,20,227,1,1,
46,Phillip Walker,CAR,QB,2,6,0,0,0,0,1,40,25,287,1,1,
47,James Morgan,NYJ,QB,2,6,0,0,0,0,0,32,19,216,1,1,
48,Kellen Mond,MIN,QB,2,8,0,0,0,0,0,21,13,152,1,0,
49,Joe Flacco,PHI,QB,2,10,0,0,0,0,1,30,19,203,1,1,
50,Marcus Mariota,LV,QB,5,24,0,0,0,0,0,21,13,152,1,1,
51,Sam Ehlinger,IND,QB,2,7,0,0,0,0,0,31,17,179,1,1,
52,Gardner Minshew II,JAC,QB,2,12,0,0,0,0,1,23,15,159,1,1,
53,Tim Boyle,DET,QB,3,3,0,0,0,0,0,26,16,181,1,0,
54,Mitchell Trubisky,BUF,QB,4,15,0,0,0,0,0,18,12,135,1,1,
55,Chad Henne,KC,QB,1,6,0,0,0,0,0,21,13,152,1,0,
56,Trace McSorley,BAL,QB,3,14,0,0,0,0,0,18,11,125,1,1,
57,John Wolford,LAR,QB,2,9,0,0,0,0,0,22,14,151,1,0,
58,Garrett Gilbert,DAL,QB,2,6,0,0,0,0,0,20,13,143,1,0,
59,Geno Smith,SEA,QB,1,3,0,0,0,0,0,17,11,122,1,0,
60,Brandon Allen,CIN,QB,1,5,0,0,0,0,0,21,13,143,1,1,
61,Jordan Love,GB,QB,1,3,0,0,0,0,0,16,10,107,1,0,
62,Chase Daniel,LAC,QB,2,6,0,0,0,0,0,18,12,131,1,1,
63,Ian Book,NO,QB,1,4,0,0,0,0,0,17,12,118,1,1,
64,Chris Streveler,ARI,QB,2,7,0,0,0,0,0,16,9,106,1,1,
65,Tyler Huntley,BAL,QB,3,16,0,0,0,0,0,10,6,68,1,0,
66,Blaine Gabbert,TB,QB,1,5,0,0,0,0,0,16,10,110,0,0,
67,AJ McCarron,ATL,QB,1,2,0,0,0,0,0,16,10,111,1,0,
68,Matt Barkley,TEN,QB,0,1,0,0,0,0,0,13,8,98,1,0,
69,Mike Glennon,NYG,QB,1,6,0,0,0,0,1,19,12,125,1,0,
70,David Blough,DET,QB,1,3,0,0,0,0,0,16,9,105,1,0,
71,Colt McCoy,ARI,QB,2,8,0,0,0,0,0,12,8,85,1,1,
72,Dwayne Haskins,PIT,QB,2,5,0,0,0,0,0,14,9,85,1,1,
73,Logan Woodside,TEN,QB,3,7,0,0,0,0,0,6,4,45,1,0,
74,Case Keenum,CLE,QB,1,4,0,0,0,0,1,13,8,92,1,0,
75,Jarrett Stidham,NE,QB,2,3,0,0,0,0,0,7,5,48,1,1,
76,Nick Mullens,PHI,QB,2,4,0,0,0,0,1,12,7,70,1,1,
77,Devlin Hodges,LAR,QB,0,0,0,0,0,0,0,0,0,0,0,0,
78,Brett Hundley,IND,QB,0,0,0,0,0,0,0,0,0,0,0,0,
79,Cooper Rush,DAL,QB,0,0,0,0,0,0,0,0,0,0,0,0,
80,Jake Luton,JAC,QB,0,0,0,0,0,0,0,0,0,0,0,0,
81,Sean Mannion,SEA,QB,0,0,0,0,0,0,0,0,0,0,0,0,
82,Josh Rosen,SF,QB,0,0,0,0,0,0,0,0,0,0,0,0,
83,Ben DiNucci,DAL,QB,0,0,0,0,0,0,0,0,0,0,0,0,
84,Trevor Siemian,NO,QB,0,0,0,0,0,0,0,0,0,0,0,0,
85,Kyle Lauletta,CLE,QB,0,0,0,0,0,0,0,0,0,0,0,0,
86,Kyle Allen,WAS,QB,0,0,0,0,0,0,0,0,0,0,0,0,
87,Nate Sudfeld,SF,QB,0,0,0,0,0,0,0,0,0,0,0,0,
88,Will Grier,CAR,QB,0,0,0,0,0,0,0,0,0,0,0,0,
89,Josh Johnson,NYJ,QB,0,0,0,0,0,0,0,0,0,0,0,0,
90,Nathan Peterman,LV,QB,0,0,0,0,0,0,0,0,0,0,0,0,
91,Brett Rypien,DEN,QB,0,0,0,0,0,0,0,0,0,0,0,0,
92,Nick Foles,CHI,QB,0,0,0,0,0,0,0,0,0,0,0,0,
93,Joshua Dobbs,PIT,QB,0,0,0,0,0,0,0,0,0,0,0,0,
94,Easton Stick,LAC,QB,0,0,0,0,0,0,0,0,0,0,0,0,
95,Ryan Griffin,TB,QB,0,0,0,0,0,0,0,0,0,0,0,0,
96,C.J. Beathard,JAC,QB,0,0,0,0,0,0,0,0,0,0,0,0,
97,0,0,QB,0,0,0,0,0,0,0,0,0,0,0,0,
98,0,0,QB,0,0,0,0,0,0,0,0,0,0,0,0,
1,Travis Kelce,KC,TE,0,0,0,112,1399,10,1,0,0,0,0,0,
2,George Kittle,SF,TE,0,0,0,97,1204,7,1,0,0,0,0,0,
3,Darren Waller,LV,TE,0,0,0,100,1145,7,1,0,0,0,0,0,
4,Mark Andrews,BAL,TE,0,0,0,70,850,8,1,0,0,0,0,0,
5,Kyle Pitts,ATL,TE,0,0,0,69,833,6,1,0,0,0,0,0,
6,T.J. Hockenson,DET,TE,0,0,0,75,836,5,1,0,0,0,0,0,
7,Dallas Goedert,PHI,TE,0,0,0,64,704,5,1,0,0,0,0,0,
8,Robert Tonyan,GB,TE,0,0,0,56,609,7,0,0,0,0,0,0,
9,Tyler Higbee,LAR,TE,0,0,0,61,681,5,1,0,0,0,0,0,
10,Noah Fant,DEN,TE,0,0,0,63,702,5,1,0,0,0,0,0,
11,Logan Thomas,WAS,TE,0,0,0,63,649,5,1,0,0,0,0,0,
12,Mike Gesicki,MIA,TE,0,0,0,55,619,5,1,0,0,0,0,0,
13,Irv Smith Jr.,MIN,TE,0,0,0,53,582,6,1,0,0,0,0,0,
14,Rob Gronkowski,TB,TE,0,0,0,42,549,6,0,0,0,0,0,0,
15,Jared Cook,LAC,TE,0,0,0,46,576,5,1,0,0,0,0,0,
16,Eric Ebron,PIT,TE,0,0,0,58,572,5,1,0,0,0,0,0,
17,Hunter Henry,NE,TE,0,0,0,54,584,4,1,0,0,0,0,0,
18,Blake Jarwin,DAL,TE,0,0,0,51,575,4,1,0,0,0,0,0,
19,Jonnu Smith,NE,TE,0,0,0,54,562,4,1,0,0,0,0,0,
20,Adam Trautman,NO,TE,0,0,0,51,561,4,1,0,0,0,0,0,
21,Evan Engram,NYG,TE,0,0,0,58,583,4,1,0,0,0,0,0,
22,Anthony Firkser,TEN,TE,0,0,0,49,530,4,0,0,0,0,0,0,
23,Austin Hooper,CLE,TE,0,0,0,49,487,4,1,0,0,0,0,0,
24,Cole Kmet,CHI,TE,0,0,0,48,483,4,1,0,0,0,0,0,
25,Zach Ertz,PHI,TE,0,0,0,48,491,3,1,0,0,0,0,0,
26,Gerald Everett,SEA,TE,0,0,0,42,432,4,1,0,0,0,0,0,
27,Jordan Akins,HOU,TE,0,0,0,44,467,3,0,0,0,0,0,0,
28,Dawson Knox,BUF,TE,0,0,0,33,384,4,1,0,0,0,0,0,
29,Hayden Hurst,ATL,TE,0,0,0,39,405,3,0,0,0,0,0,0,
30,C.J. Uzomah,CIN,TE,0,0,0,37,357,3,0,0,0,0,0,0,
31,Chris Herndon IV,NYJ,TE,0,0,0,38,382,3,2,0,0,0,0,0,
32,Jack Doyle,IND,TE,0,0,0,33,337,3,0,0,0,0,0,0,
33,Will Dissly,SEA,TE,0,0,0,30,317,3,0,0,0,0,0,0,
34,Donald Parham Jr.,LAC,TE,0,0,0,28,339,3,0,0,0,0,0,0,
35,Mo Alie-Cox,IND,TE,0,0,0,32,341,2,1,0,0,0,0,0,
36,O.J. Howard,TB,TE,0,0,0,27,339,3,1,0,0,0,0,0,
37,Dan Arnold,CAR,TE,0,0,0,27,342,2,1,0,0,0,0,0,
38,David Njoku,CLE,TE,0,0,0,23,253,3,0,0,0,0,0,0,
39,Jimmy Graham,CHI,TE,0,0,0,23,243,3,0,0,0,0,0,0,
40,Jacob Hollister,BUF,TE,0,0,0,29,264,2,1,0,0,0,0,0,
41,Tyler Conklin,MIN,TE,0,0,0,25,267,2,0,0,0,0,0,0,
42,Dalton Schultz,DAL,TE,0,0,0,23,244,2,0,0,0,0,0,0,
43,Maxx Williams,ARI,TE,0,0,0,21,237,2,0,0,0,0,0,0,
44,Nick Boyle,BAL,TE,0,0,0,23,217,2,0,0,0,0,0,0,
45,Geoff Swaim,TEN,TE,0,0,0,23,217,2,0,0,0,0,0,0,
46,Kyle Rudolph,NYG,TE,0,0,0,23,212,2,0,0,0,0,0,0,
47,Cameron Brate,TB,TE,0,0,0,22,206,2,0,0,0,0,0,0,
48,Drew Sample,CIN,TE,0,0,0,25,231,1,1,0,0,0,0,0,
49,James O'Shaughnessy,JAC,TE,0,0,0,23,229,1,0,0,0,0,0,0,
50,Darren Fells,DET,TE,0,0,0,18,189,2,0,0,0,0,0,0,
51,Harrison Bryant,CLE,TE,0,0,0,18,196,2,1,0,0,0,0,0,
52,Foster Moreau,LV,TE,0,0,0,14,152,2,0,0,0,0,0,0,
53,Adam Shaheen,MIA,TE,0,0,0,16,164,2,1,0,0,0,0,0,
54,Ryan Izzo,HOU,TE,0,0,0,13,213,1,1,0,0,0,0,0,
55,Tyler Kroft,NYJ,TE,0,0,0,15,149,2,0,0,0,0,0,0,
56,Pat Freiermuth,PIT,TE,0,0,0,20,178,1,1,0,0,0,0,0,
57,Hunter Long,MIA,TE,0,0,0,19,176,1,1,0,0,0,0,0,
58,Albert Okwuegbunam,DEN,TE,0,0,0,15,161,1,0,0,0,0,0,0,
59,Pharaoh Brown,HOU,TE,0,0,0,15,162,1,0,0,0,0,0,0,
60,Ian Thomas,CAR,TE,0,0,0,18,157,1,0,0,0,0,0,0,
61,Chris Manhertz,JAC,TE,0,0,0,16,158,1,0,0,0,0,0,0,
62,Marcedes Lewis,GB,TE,0,0,0,12,121,1,0,0,0,0,0,0,
63,Noah Gray,KC,TE,0,0,0,14,147,1,1,0,0,0,0,0,
64,Matt Sokol,LAC,TE,0,0,0,13,140,1,0,0,0,0,0,0,
65,Reggie Gilliam,BUF,TE,0,0,0,11,77,2,0,0,0,0,0,0,
66,Darrell Daniels,ARI,TE,0,0,0,13,136,1,0,0,0,0,0,0,
67,Brevin Jordan,HOU,TE,0,0,0,13,131,1,1,0,0,0,0,0,
68,Kyle Markway,LAR,TE,0,0,0,13,130,1,0,0,0,0,0,0,
69,Jacob Harris,LAR,TE,0,0,0,11,137,1,0,0,0,0,0,0,
70,Kahale Warring,HOU,TE,0,0,0,13,134,1,0,0,0,0,0,0,
71,Thaddeus Moss,CIN,TE,0,0,0,13,121,1,0,0,0,0,0,0,
72,Nick Vannett,NO,TE,0,0,0,12,125,1,0,0,0,0,0,0,
73,Ryan Griffin,NYJ,TE,0,0,0,11,107,1,0,0,0,0,0,0,
74,Kylen Granson,IND,TE,0,0,0,13,137,1,0,0,0,0,0,0,
75,Hunter Bryant,DET,TE,0,0,0,10,123,1,0,0,0,0,0,0,
76,Ross Dwelley,SF,TE,0,0,0,11,120,1,0,0,0,0,0,0,
77,Devin Asiasi,NE,TE,0,0,0,10,117,1,1,0,0,0,0,0,
78,Brycen Hopkins,LAR,TE,0,0,0,13,128,1,0,0,0,0,0,0,
79,Durham Smythe,MIA,TE,0,0,0,13,108,1,0,0,0,0,0,0,
80,Austin Fort,DEN,TE,0,0,0,10,102,1,0,0,0,0,0,0,
81,Derek Carrier,LV,TE,0,0,0,10,92,1,0,0,0,0,0,0,
82,Luke Farrell,JAC,TE,0,0,0,14,130,1,1,0,0,0,0,0,
83,Caleb Wilson,PHI,TE,0,0,0,10,97,1,0,0,0,0,0,0,
84,Stephen Carlson,CLE,TE,0,0,0,8,88,1,0,0,0,0,0,0,
85,John Bates,WAS,TE,0,0,0,12,119,1,1,0,0,0,0,0,
86,Jace Sternberger,GB,TE,0,0,0,10,89,1,0,0,0,0,0,0,
87,Blake Bell,KC,TE,0,0,0,10,95,1,0,0,0,0,0,0,
88,Jordan Thomas,IND,TE,0,0,0,8,74,1,0,0,0,0,0,0,
89,Tre' McKitty,LAC,TE,0,0,0,8,82,0,0,0,0,0,0,0,
90,Tommy Sweeney,BUF,TE,0,0,0,6,76,1,0,0,0,0,0,0,
91,Evan Baylis,KC,TE,0,0,0,7,72,1,0,0,0,0,0,0,
92,J.P. Holtz,CHI,TE,0,0,0,6,73,1,0,0,0,0,0,0,
93,Jeremy Sprinkle,DAL,TE,0,0,0,7,71,1,0,0,0,0,0,0,
94,Tommy Tremble,CAR,TE,0,0,0,9,85,0,1,0,0,0,0,0,
95,Daniel Brown,NYJ,TE,0,0,0,5,64,1,0,0,0,0,0,0,
96,Richard Rodgers,PHI,TE,0,0,0,5,66,1,0,0,0,0,0,0,
97,Noah Togiai,IND,TE,0,0,0,6,61,1,0,0,0,0,0,0,
98,Charlie Woerner,SF,TE,0,0,0,5,64,0,0,0,0,0,0,0,
99,Stephen Anderson,LAC,TE,0,0,0,5,66,0,0,0,0,0,0,0,
100,Johnny Mundt,LAR,TE,0,0,0,5,57,1,0,0,0,0,0,0,
101,Antony Auclair,HOU,TE,0,0,0,5,55,1,0,0,0,0,0,0,
102,Zach Gentry,PIT,TE,0,0,0,6,55,1,0,0,0,0,0,0,
103,Colby Parkinson,SEA,TE,0,0,0,5,51,1,0,0,0,0,0,0,
104,Jesse James,CHI,TE,0,0,0,6,51,1,0,0,0,0,0,0,
105,Josiah Deguara,GB,TE,0,0,0,4,47,0,0,0,0,0,0,0,
106,Josh Oliver,BAL,TE,0,0,0,4,42,0,0,0,0,0,0,0,
107,Demetrius Harris,ARI,TE,0,0,0,4,39,0,0,0,0,0,0,0,
108,Ben Ellefson,JAC,TE,0,0,0,4,42,0,0,0,0,0,0,0,
109,Luke Stocker,TEN,TE,0,0,0,4,38,0,0,0,0,0,0,0,
110,Tyree Jackson,PHI,TE,0,0,0,4,39,0,0,0,0,0,0,0,
111,Mason Schreck,CIN,TE,0,0,0,4,36,0,0,0,0,0,0,0,
112,Alize Mack,DET,TE,0,0,0,4,39,0,0,0,0,0,0,0,
113,Dominique Dafney,GB,TE,0,0,0,2,26,0,0,0,0,0,0,0,
114,Lee Smith,ATL,TE,0,0,0,3,25,0,0,0,0,0,0,0,
115,Garrett Griffin,NO,TE,0,0,0,2,26,0,0,0,0,0,0,0,
116,Sean McKeon,DAL,TE,0,0,0,3,27,0,0,0,0,0,0,0,
117,Trevon Wesco,NYJ,TE,0,0,0,2,24,0,0,0,0,0,0,0,
118,Cethan Carter,MIA,TE,0,0,0,2,24,0,0,0,0,0,0,0,
119,Eric Saubert,DEN,TE,0,0,0,2,23,0,0,0,0,0,0,0,
120,Kaden Smith,NYG,TE,0,0,0,3,22,0,0,0,0,0,0,0,
121,Ricky Seals-Jones,WAS,TE,0,0,0,2,18,0,0,0,0,0,0,0,
122,Zach Davidson,MIN,TE,0,0,0,2,18,0,0,0,0,0,0,0,
123,Tanner Hudson,TB,TE,0,0,0,2,16,0,0,0,0,0,0,0,
124,Deon Yelder,WAS,TE,0,0,0,1,14,0,0,0,0,0,0,0,
125,Troy Fumagalli,NE,TE,0,0,0,1,13,0,0,0,0,0,0,0,
126,Temarrick Hemingway,WAS,TE,0,0,0,1,16,0,0,0,0,0,0,0,
127,Brandon Dillon,MIN,TE,0,0,0,1,14,0,0,0,0,0,0,0,
128,Eric Tomlinson,BAL,TE,0,0,0,1,12,0,0,0,0,0,0,0,
129,Matt LaCosse,NE,TE,0,0,0,1,13,0,0,0,0,0,0,0,
130,Codey McElroy,TB,TE,0,0,0,1,9,0,0,0,0,0,0,0,
131,Isaac Nauta,GB,TE,0,0,0,1,8,0,0,0,0,0,0,0,
132,Kevin Rader,PIT,TE,0,0,0,1,9,0,0,0,0,0,0,0,
133,Tyrone Swoopes,WAS,TE,0,0,0,1,10,0,0,0,0,0,0,0,
134,Jordan Franks,CLE,TE,0,0,0,1,8,0,0,0,0,0,0,0,
135,Jason Croom,PHI,TE,0,0,0,1,9,0,0,0,0,0,0,0,
136,Jesper Horsted,CHI,TE,0,0,0,1,9,0,0,0,0,0,0,0,
137,Tim Tebow,JAC,TE,0,0,0,1,8,0,0,0,0,0,0,0,
138,Hakeem Butler,PHI,TE,0,0,0,1,8,0,0,0,0,0,0,0,
139,MyCole Pruitt,SF,TE,0,0,0,1,8,0,0,0,0,0,0,0,
140,Cole Hikutini,NYG,TE,0,0,0,1,7,0,0,0,0,0,0,0,
141,Colin Thompson,CAR,TE,0,0,0,1,7,0,0,0,0,0,0,0,
142,0,0,TE,0,0,0,0,0,0,0,0,0,0,0,0,
143,0,0,TE,0,0,0,0,0,0,0,0,0,0,0,0,
