,Player,Team,POS,RUSH_ATT,RUSH_YDS,RUSH_TD,REC,REC_YD,REC_TD,FL,PASS_ATT,CMP,PASS_YD,PASS_TD,INT,FantasyPoints
1,Josh Allen,BUF,QB,122,763,6,0,0,0,3,646,409,"4,407",36,15,
2,Justin Herbert,LAC,QB,63,302,3,0,0,0,1,672,443,"5,014",38,15,
3,Tom Brady,TB,QB,28,81,2,0,0,0,3,719,485,"5,316",43,12,
4,Patrick Mahomes,KC,QB,66,381,2,0,0,0,4,658,436,"4,828",37,13,
5,Matthew Stafford,LAR,QB,32,43,0,0,0,0,2,601,404,"4,886",41,17,
6,Aaron Rodgers,GB,QB,33,101,3,0,0,0,0,531,366,"4,115",37,4,
7,Dak Prescott,DAL,QB,48,146,1,0,0,0,6,596,410,"4,449",37,10,
8,Joe Burrow,CIN,QB,40,118,2,0,0,0,2,520,366,"4,611",34,14,
9,Jalen Hurts,PHI,QB,139,784,10,0,0,0,2,432,265,"3,144",16,9,
10,Kyler Murray,ARI,QB,88,423,5,0,0,0,0,481,333,"3,787",24,10,
11,Kirk Cousins,MIN,QB,29,115,1,0,0,0,2,561,372,"4,221",33,7,
12,Ryan Tannehill,TEN,QB,55,270,7,0,0,0,4,531,357,"3,734",21,14,
13,Derek Carr,LV,QB,40,108,0,0,0,0,5,626,428,"4,804",23,14,
14,Carson Wentz,WAS,QB,57,215,1,0,0,0,5,516,322,"3,563",27,7,
15,Lamar Jackson,BAL,QB,134,767,2,0,0,0,3,382,246,"2,882",16,13,
16,Russell Wilson,DEN,QB,43,183,2,0,0,0,1,400,259,"3,113",25,6,
17,Jimmy Garoppolo,SF,QB,38,51,3,0,0,0,3,441,301,"3,810",20,12,
18,Mac Jones,NE,QB,44,129,0,0,0,0,3,521,352,"3,801",22,13,
19,Taylor Heinicke,WAS,QB,60,313,1,0,0,0,2,494,321,"3,419",20,15,
20,Matt Ryan,IND,QB,40,82,1,0,0,0,4,560,375,"3,968",20,12,
21,Ben Roethlisberger,FA,QB,20,5,1,0,0,0,5,605,390,"3,740",22,10,
22,Trevor Lawrence,JAC,QB,73,334,2,0,0,0,5,602,359,"3,641",12,17,
23,Teddy Bridgewater,MIA,QB,30,106,2,0,0,0,1,426,285,"3,052",18,7,
24,Jared Goff,DET,QB,17,87,0,0,0,0,6,494,332,"3,245",19,8,
25,Baker Mayfield,CAR,QB,37,134,1,0,0,0,3,418,253,"3,010",17,13,
26,Tua Tagovailoa,MIA,QB,42,128,3,0,0,0,1,388,263,"2,653",16,10,
27,Daniel Jones,NYG,QB,62,298,2,0,0,0,3,361,232,"2,428",10,7,
28,Sam Darnold,CAR,QB,48,222,5,0,0,0,4,406,243,"2,527",9,13,
29,Davis Mills,HOU,QB,18,44,0,0,0,0,1,394,263,"2,664",16,10,
30,Zach Wilson,NYJ,QB,29,185,4,0,0,0,1,383,213,"2,334",9,11,
31,Justin Fields,CHI,QB,72,420,2,0,0,0,5,270,159,"1,870",7,10,
32,Taysom Hill,NO,QB,70,374,5,0,0,0,0,134,78,978,4,5,
33,Jameis Winston,NO,QB,32,166,1,0,0,0,1,161,95,"1,170",14,3,
34,Trevor Siemian,CHI,QB,9,20,1,0,0,0,1,188,108,"1,154",11,3,
35,Andy Dalton,NO,QB,16,76,0,0,0,0,1,236,149,"1,515",8,9,
36,Cam Newton,FA,QB,47,230,5,0,0,0,1,126,69,684,4,5,
37,Tyrod Taylor,NYG,QB,19,151,3,0,0,0,0,150,91,966,5,5,
38,Tyler Huntley,BAL,QB,47,294,2,0,0,0,3,188,122,"1,081",3,4,
39,Jacoby Brissett,CLE,QB,19,70,1,0,0,0,3,225,141,"1,283",5,4,
40,Trey Lance,SF,QB,38,168,1,0,0,0,0,71,41,603,5,2,
41,Geno Smith,SEA,QB,9,42,1,0,0,0,1,95,65,702,5,1,
42,Drew Lock,SEA,QB,10,53,2,0,0,0,1,111,67,787,2,2,
43,Mike White,NYJ,QB,5,-1,0,0,0,0,0,132,88,953,5,8,
44,Josh Johnson,DEN,QB,9,28,0,0,0,0,0,85,57,638,5,2,
45,Colt McCoy,ARI,QB,22,37,0,0,0,0,1,99,74,740,3,1,
46,Mike Glennon,FA,QB,7,33,1,0,0,0,3,167,90,790,4,10,
47,Gardner Minshew II,PHI,QB,9,21,0,0,0,0,0,60,41,439,4,1,
48,Tim Boyle,DET,QB,2,13,0,0,0,0,0,94,61,526,3,6,
49,Case Keenum,BUF,QB,12,22,0,0,0,0,1,72,47,462,3,1,
50,Cooper Rush,DAL,QB,9,-8,0,0,0,0,1,47,30,422,3,1,
51,Jordan Love,GB,QB,12,27,0,0,0,0,1,62,36,411,2,3,
52,Joe Flacco,NYJ,QB,2,3,0,0,0,0,1,42,27,338,3,0,
53,Mason Rudolph,PIT,QB,5,53,0,0,0,0,0,58,35,277,1,1,
54,PJ Walker,CAR,QB,7,13,0,0,0,0,1,66,36,362,1,3,
55,Nick Foles,IND,QB,4,8,0,0,0,0,0,35,24,250,1,0,
56,Marcus Mariota,ATL,QB,13,87,1,0,0,0,0,2,1,4,0,0,
57,Jake Fromm,FA,QB,8,65,0,0,0,0,1,60,27,210,1,3,
58,Brandon Allen,CIN,QB,7,-1,0,0,0,0,0,34,17,149,2,0,
59,Sean Mannion,MIN,QB,2,14,0,0,0,0,0,36,22,189,1,0,
60,Brian Hoyer,NE,QB,11,-8,0,0,0,0,0,11,9,227,1,0,
61,Nick Mullens,LV,QB,0,0,0,0,0,0,0,30,20,147,1,0,
62,Mitch Trubisky,PIT,QB,13,24,1,0,0,0,0,8,6,43,0,1,
63,Kyle Allen,HOU,QB,2,11,0,0,0,0,1,19,12,120,1,0,
64,Garrett Gilbert,FA,QB,0,0,0,0,0,0,0,31,20,194,0,0,
65,Ian Book,NO,QB,3,6,0,0,0,0,0,20,12,135,0,2,
66,Chad Henne,KC,QB,8,0,0,0,0,0,0,16,11,82,0,0,
67,Chris Streveler,NYJ,QB,3,6,0,0,0,0,0,9,6,36,0,0,
68,Blaine Gabbert,TB,QB,9,-7,0,0,0,0,0,11,7,67,0,0,
69,C.J. Beathard,JAC,QB,1,2,0,0,0,0,0,2,2,33,0,0,
70,Sam Ehlinger,IND,QB,3,9,0,0,0,0,0,0,0,0,0,0,
71,Ryan Fitzpatrick,FA,QB,1,2,0,0,0,0,0,6,3,13,0,0,
72,David Blough,DET,QB,1,6,0,0,0,0,0,0,0,0,0,0,
73,Nathan Peterman,CHI,QB,2,2,0,0,0,0,0,0,0,0,0,0,
74,Kellen Mond,MIN,QB,0,0,0,0,0,0,0,3,2,5,0,0,
75,Stone Smartt,LAC,QB,0,0,0,0,0,0,0,0,0,0,0,0,
76,Jared Bernhardt,ATL,QB,0,0,0,0,0,0,0,0,0,0,0,0,
77,Chris Oladokun,PIT,QB,0,0,0,0,0,0,0,0,0,0,0,0,
78,Bryce Perkins,LAR,QB,0,0,0,0,0,0,0,0,0,0,0,0,
79,Shane Buechele,KC,QB,0,0,0,0,0,0,0,0,0,0,0,0,
80,Jacob Eason,SEA,QB,0,0,0,0,0,0,0,5,2,25,0,1,
81,Jarrett Stidham,LV,QB,0,0,0,0,0,0,0,0,0,0,0,0,
82,John Lovett,MIA,QB,0,0,0,0,0,0,0,0,0,0,0,0,
83,Desmond Ridder,ATL,QB,0,0,0,0,0,0,0,0,0,0,0,0,
84,Reid Sinnett,PHI,QB,0,0,0,0,0,0,0,0,0,0,0,0,
85,Jack Coan,IND,QB,0,0,0,0,0,0,0,0,0,0,0,0,
86,Ben DiNucci,DAL,QB,0,0,0,0,0,0,0,0,0,0,0,0,
87,Jarrett Guarantano,ARI,QB,0,0,0,0,0,0,0,0,0,0,0,0,
88,Kyle Trask,TB,QB,0,0,0,0,0,0,0,0,0,0,0,0,
89,K.J. Costello,NO,QB,0,0,0,0,0,0,0,0,0,0,0,0,
90,Brock Purdy,SF,QB,0,0,0,0,0,0,0,0,0,0,0,0,
91,Carson Strong,PHI,QB,0,0,0,0,0,0,0,0,0,0,0,0,
92,Sam Howell,WAS,QB,0,0,0,0,0,0,0,0,0,0,0,0,
93,E.J. Perry,JAC,QB,0,0,0,0,0,0,0,0,0,0,0,0,
94,Skylar Thompson,MIA,QB,0,0,0,0,0,0,0,0,0,0,0,0,
95,Drew Plitt,CIN,QB,0,0,0,0,0,0,0,0,0,0,0,0,
96,Armani Rogers,WAS,QB,0,0,0,0,0,0,0,0,0,0,0,0,
97,Malik Willis,TEN,QB,0,0,0,0,0,0,0,0,0,0,0,0,
98,Bailey Zappe,NE,QB,0,0,0,0,0,0,0,0,0,0,0,0,
99,Dustin Crum,KC,QB,0,0,0,0,0,0,0,0,0,0,0,0,
100,Anthony Brown,BAL,QB,0,0,0,0,0,0,0,0,0,0,0,0,
101,Matt Corral,CAR,QB,0,0,0,0,0,0,0,0,0,0,0,0,
102,Jake Browning,CIN,QB,0,0,0,0,0,0,0,0,0,0,0,0,
103,Kenny Pickett,PIT,QB,0,0,0,0,0,0,0,0,0,0,0,0,
104,Chase Garbers,LV,QB,0,0,0,0,0,0,0,0,0,0,0,0,
105,Erik Ainge,NYJ,QB,0,0,0,0,0,0,0,0,0,0,0,0,
106,Hunter Cantwell,BAL,QB,0,0,0,0,0,0,0,0,0,0,0,0,
107,Ben Chappell,WAS,QB,0,0,0,0,0,0,0,0,0,0,0,0,
108,Adam Froman,ATL,QB,0,0,0,0,0,0,0,0,0,0,0,0,
109,Trace McSorley,ARI,QB,0,0,0,0,0,0,0,0,0,0,0,0,
110,Keith Null,CAR,QB,0,0,0,0,0,0,0,0,0,0,0,0,
111,Brett Ratliff,TEN,QB,0,0,0,0,0,0,0,0,0,0,0,0,
112,Brian Brohm,BUF,QB,0,0,0,0,0,0,0,0,0,0,0,0,
113,Joshua Dobbs,CLE,QB,0,0,0,0,0,0,0,0,0,0,0,0,
114,Deshaun Watson,CLE,QB,0,0,0,0,0,0,0,0,0,0,0,0,
115,Nate Sudfeld,SF,QB,0,0,0,0,0,0,0,0,0,0,0,0,
116,Will Grier,DAL,QB,0,0,0,0,0,0,0,0,0,0,0,0,
117,Brett Rypien,DEN,QB,0,0,0,0,0,0,0,2,0,0,0,0,
118,Easton Stick,LAC,QB,0,0,0,0,0,0,0,0,0,0,0,0,
119,Danny Etling,GB,QB,0,0,0,0,0,0,0,0,0,0,0,0,
120,Matt Barkley,BUF,QB,0,0,0,0,0,0,0,0,0,0,0,0,
121,Ryan Griffin,TB,QB,0,0,0,0,0,0,0,0,0,0,0,0,
122,Brett Smith,TB,QB,0,0,0,0,0,0,0,0,0,0,0,0,
123,Jeff Driskel,HOU,QB,0,0,0,0,0,0,0,0,0,0,0,0,
124,Kurt Benkert,FA,QB,2,-1,0,0,0,0,0,0,0,0,0,0,
125,Chase Daniel,LAC,QB,2,-2,0,0,0,0,0,0,0,0,0,0,
126,Davis Webb,NYG,QB,2,-3,0,0,0,0,0,0,0,0,0,0,
127,Feleipe Franks,ATL,QB,3,6,0,0,0,0,0,1,0,0,0,1,
128,Logan Woodside,TEN,QB,6,-6,0,0,0,0,0,0,0,0,0,0,
129,John Wolford,LAR,QB,2,-1,0,0,0,0,0,4,1,5,0,1,
130,Josh Rosen,CLE,QB,0,0,0,0,0,0,0,11,2,19,0,2,
131,Jonathan Taylor,IND,RB,332,"1,811",18,40,360,2,2,0,0,0,0,0,
132,Austin Ekeler,LAC,RB,206,911,12,70,647,8,3,0,0,0,0,0,
133,Joe Mixon,CIN,RB,292,"1,205",13,42,314,3,1,0,0,0,0,0,
134,Najee Harris,PIT,RB,307,"1,200",7,74,467,3,0,0,0,0,0,0,
135,James Conner,ARI,RB,202,752,15,37,375,3,0,0,0,0,0,0,
136,Ezekiel Elliott,DAL,RB,237,"1,002",10,47,287,2,1,0,0,0,0,0,
137,Nick Chubb,CLE,RB,228,"1,259",8,20,174,1,1,0,0,0,0,0,
138,Damien Harris,NE,RB,202,929,15,18,132,0,2,0,0,0,0,0,
139,Alvin Kamara,NO,RB,240,898,4,47,439,5,0,0,0,0,0,0,
140,Antonio Gibson,WAS,RB,258,"1,037",7,42,294,3,4,0,0,0,0,0,
141,Leonard Fournette,TB,RB,180,812,8,69,454,2,0,0,0,0,0,0,
142,Cordarrelle Patterson,ATL,RB,153,618,6,52,548,5,0,0,0,0,0,0,
143,Aaron Jones,GB,RB,171,799,4,52,391,6,1,0,0,0,0,0,
144,Derrick Henry,TEN,RB,219,937,10,18,154,0,0,0,0,0,0,0,
145,Dalvin Cook,MIN,RB,249,"1,159",6,34,224,0,2,0,0,0,0,0,
146,Josh Jacobs,LV,RB,217,872,9,54,348,0,2,0,0,0,0,0,
147,Melvin Gordon,DEN,RB,203,918,8,28,213,2,3,0,0,0,0,0,
148,Javonte Williams,DEN,RB,203,903,4,43,316,3,1,0,0,0,0,0,
149,Devin Singletary,BUF,RB,188,870,7,40,228,1,0,0,0,0,0,0,
150,David Montgomery,CHI,RB,225,849,7,42,301,0,1,0,0,0,0,0,
151,A.J. Dillon,GB,RB,187,803,5,34,313,2,1,0,0,0,0,0,
152,Darrel Williams,ARI,RB,144,558,6,47,452,2,0,0,0,0,0,0,
153,D'Andre Swift,DET,RB,151,617,5,62,452,2,1,0,0,0,0,0,
154,Elijah Mitchell,SF,RB,207,963,5,19,137,1,0,0,0,0,0,0,
155,James Robinson,JAC,RB,164,767,8,31,222,0,2,0,0,0,0,0,
156,Darrell Henderson,LAR,RB,149,688,5,29,176,3,0,0,0,0,0,0,
157,Sony Michel,MIA,RB,208,845,4,21,128,1,1,0,0,0,0,0,
158,Myles Gaskin,MIA,RB,173,612,3,49,234,4,1,0,0,0,0,0,
159,Tony Pollard,DAL,RB,130,719,2,39,337,0,0,0,0,0,0,0,
160,Michael Carter,NYJ,RB,147,639,4,36,325,0,1,0,0,0,0,0,
161,Rashaad Penny,SEA,RB,119,749,6,6,48,0,0,0,0,0,0,0,
162,Chuba Hubbard,CAR,RB,172,612,5,25,174,1,1,0,0,0,0,0,
163,Devonta Freeman,FA,RB,133,576,5,34,190,1,0,0,0,0,0,0,
164,Saquon Barkley,NYG,RB,162,593,2,41,263,2,1,0,0,0,0,0,
165,Devontae Booker,FA,RB,145,593,2,40,268,1,0,0,0,0,0,0,
166,Rhamondre Stevenson,NE,RB,133,606,5,14,123,0,1,0,0,0,0,0,
167,Chase Edmonds,MIA,RB,116,592,2,43,311,0,1,0,0,0,0,0,
168,Clyde Edwards-Helaire,KC,RB,119,517,4,19,118,2,2,0,0,0,0,0,
169,Mike Davis,BAL,RB,138,503,3,44,259,1,3,0,0,0,0,0,
170,Alexander Mattison,MIN,RB,134,491,3,32,228,1,1,0,0,0,0,0,
171,Jamaal Williams,DET,RB,153,601,3,26,157,0,0,0,0,0,0,0,
172,Latavius Murray,FA,RB,119,501,6,10,75,0,0,0,0,0,0,0,
173,Miles Sanders,PHI,RB,137,754,0,26,158,0,1,0,0,0,0,0,
174,Christian McCaffrey,CAR,RB,99,442,1,37,343,1,0,0,0,0,0,0,
175,Kenneth Gainwell,PHI,RB,68,291,5,33,253,1,1,0,0,0,0,0,
176,Kareem Hunt,CLE,RB,78,386,5,22,174,0,0,0,0,0,0,0,
177,Boston Scott,PHI,RB,87,373,7,13,83,0,1,0,0,0,0,0,
178,D'Ernest Johnson,CLE,RB,100,534,3,19,137,0,0,0,0,0,0,0,
179,Donta Foreman,CAR,RB,133,566,3,9,123,0,1,0,0,0,0,0,
180,J.D. McKissic,WAS,RB,48,212,2,43,397,2,0,0,0,0,0,0,
181,Brandon Bolden,LV,RB,44,226,1,41,405,2,0,0,0,0,0,0,
182,Ty Johnson,NYJ,RB,61,238,2,34,372,2,1,0,0,0,0,0,
183,Zack Moss,BUF,RB,96,345,4,23,197,1,1,0,0,0,0,0,
184,Mark Ingram,NO,RB,160,554,2,27,162,0,1,0,0,0,0,0,
185,Rex Burkhead,HOU,RB,122,427,3,25,186,0,0,0,0,0,0,0,
186,Nyheim Hines,IND,RB,56,276,2,40,310,1,2,0,0,0,0,0,
187,Kenyan Drake,LV,RB,63,254,2,30,291,1,0,0,0,0,0,0,
188,Ronald Jones II,KC,RB,101,428,4,10,64,0,2,0,0,0,0,0,
189,Khalil Herbert,CHI,RB,103,433,2,14,96,0,0,0,0,0,0,0,
190,Justin Jackson,DET,RB,68,364,2,22,178,0,1,0,0,0,0,0,
191,Jordan Howard,FA,RB,86,406,3,2,19,0,0,0,0,0,0,0,
192,Alex Collins,FA,RB,108,411,2,9,87,0,1,0,0,0,0,0,
193,Samaje Perine,CIN,RB,55,246,1,27,196,1,0,0,0,0,0,0,
194,Duke Johnson Jr.,BUF,RB,71,330,3,4,41,0,0,0,0,0,0,0,
195,Dontrell Hilliard,TEN,RB,56,350,2,19,87,0,1,0,0,0,0,0,
196,Ameer Abdullah,LV,RB,51,166,0,38,289,1,0,0,0,0,0,0,
197,David Johnson,FA,RB,67,228,0,32,225,1,1,0,0,0,0,0,
198,Derrick Gore,KC,RB,51,256,2,8,105,0,0,0,0,0,0,0,
199,Jaret Patterson,WAS,RB,68,266,2,10,73,0,0,0,0,0,0,0,
200,Travis Homer,SEA,RB,21,177,1,16,161,0,0,0,0,0,0,0,
201,Jeremy McNichols,PIT,RB,41,156,0,28,240,1,0,0,0,0,0,0,
202,Damien Williams,ATL,RB,40,164,2,16,103,1,0,0,0,0,0,0,
203,Jeff Wilson Jr.,SF,RB,79,294,2,7,31,0,0,0,0,0,0,0,
204,Kyle Juszczyk,SF,RB,8,22,1,30,296,1,0,0,0,0,0,0,
205,Chris Carson,FA,RB,54,232,3,6,29,0,1,0,0,0,0,0,
206,Phillip Lindsay,IND,RB,88,249,1,4,45,1,0,0,0,0,0,0,
207,Tevin Coleman,NYJ,RB,84,356,0,11,49,0,0,0,0,0,0,0,
208,Peyton Barber,FA,RB,55,212,2,10,67,0,0,0,0,0,0,0,
209,DeeJay Dallas,SEA,RB,33,138,2,21,133,0,0,0,0,0,0,0,
210,Dare Ogunbowale,HOU,RB,43,137,1,13,114,1,0,0,0,0,0,0,
211,Giovani Bernard,TB,RB,8,58,0,23,123,3,0,0,0,0,0,0,
212,Matt Breida,NYG,RB,26,125,1,7,72,2,1,0,0,0,0,0,
213,Chris Evans,CIN,RB,17,77,0,15,151,2,0,0,0,0,0,0,
214,Carlos Hyde,FA,RB,72,253,1,12,65,0,2,0,0,0,0,0,
215,Le'Veon Bell,FA,RB,39,101,2,5,30,1,0,0,0,0,0,0,
216,Ty'Son Williams,IND,RB,35,185,1,9,84,0,0,0,0,0,0,0,
217,Ke'Shawn Vaughn,TB,RB,36,180,2,4,26,0,0,0,0,0,0,0,
218,Demetric Felton Jr.,CLE,RB,7,24,0,18,181,2,0,0,0,0,0,0,
219,Craig Reynolds,DET,RB,55,230,0,7,52,0,0,0,0,0,0,0,
220,Elijhaa Penny,FA,RB,24,99,1,9,30,1,0,0,0,0,0,0,
221,Salvon Ahmed,MIA,RB,54,149,0,12,117,0,0,0,0,0,0,0,
222,JaMycal Hasty,SF,RB,16,68,1,23,157,0,1,0,0,0,0,0,
223,Trey Sermon,SF,RB,41,167,1,3,26,0,0,0,0,0,0,0,
224,Royce Freeman,HOU,RB,56,169,0,10,77,0,0,0,0,0,0,0,
225,Corey Clement,FA,RB,33,140,0,6,29,1,0,0,0,0,0,0,
226,Jerick McKinnon,KC,RB,12,62,0,13,107,1,0,0,0,0,0,0,
227,Adrian Peterson,FA,RB,38,98,2,4,8,0,0,0,0,0,0,0,
228,Eno Benjamin,ARI,RB,34,118,1,6,42,0,0,0,0,0,0,0,
229,Jermar Jefferson,DET,RB,15,74,2,4,23,0,0,0,0,0,0,0,
230,Malcolm Brown,FA,RB,33,125,1,3,10,0,0,0,0,0,0,0,
231,James White,FA,RB,10,38,1,12,94,0,0,0,0,0,0,0,
232,Kene Nwangwu,MIN,RB,13,61,0,4,9,0,0,0,0,0,0,0,
233,Tony Jones Jr.,NO,RB,54,142,0,5,29,0,0,0,0,0,0,0,
234,Austin Walter,LV,RB,26,101,1,2,9,0,0,0,0,0,0,0,
235,Jonathan Williams,WAS,RB,17,79,1,4,28,0,0,0,0,0,0,0,
236,C.J. Ham,MIN,RB,7,34,0,17,125,0,0,0,0,0,0,0,
237,Qadree Ollison,ATL,RB,21,105,1,4,12,0,1,0,0,0,0,0,
238,Patrick Taylor Jr.,GB,RB,23,89,1,2,3,0,0,0,0,0,0,0,
239,Larry Rountree III,LAC,RB,36,87,1,1,-1,0,0,0,0,0,0,0,
240,Alec Ingold,MIA,RB,2,1,0,10,85,1,0,0,0,0,0,0,
241,J.J. Taylor,NE,RB,19,37,2,4,8,0,1,0,0,0,0,0,
242,Godwin Igwebuike,DET,RB,18,118,1,7,60,0,2,0,0,0,0,0,
243,Ty Montgomery,NE,RB,15,44,0,16,95,0,0,0,0,0,0,0,
244,Patrick Ricard,BAL,RB,2,4,0,8,63,1,0,0,0,0,0,0,
245,Wayne Gallman Jr.,FA,RB,28,104,0,1,21,0,0,0,0,0,0,0,
246,Joshua Kelley,LAC,RB,33,102,0,5,38,0,1,0,0,0,0,0,
247,Michael Burton,KC,RB,8,26,1,3,31,0,0,0,0,0,0,0,
248,Jalen Richard,FA,RB,9,40,0,12,72,0,0,0,0,0,0,0,
249,Benny Snell Jr.,PIT,RB,36,98,0,2,13,0,0,0,0,0,0,0,
250,Marlon Mack,HOU,RB,28,101,0,2,8,0,0,0,0,0,0,0,
251,Ryquell Armstead,JAC,RB,15,80,0,3,16,0,0,0,0,0,0,0,
252,Deon Jackson,IND,RB,13,31,1,0,0,0,0,0,0,0,0,0,
253,JaQuan Hardy,DEN,RB,4,29,1,0,0,0,0,0,0,0,0,0,
254,Andy Janovich,HOU,RB,2,0,1,3,9,0,0,0,0,0,0,0,
255,Keith Smith,ATL,RB,9,31,0,9,56,0,0,0,0,0,0,0,
256,Alex Armah Jr.,WAS,RB,5,21,0,1,1,1,0,0,0,0,0,0,
257,Johnny Stanton IV,CLE,RB,3,5,0,2,7,1,0,0,0,0,0,0,
258,Jonathan Ward,ARI,RB,9,33,0,3,34,0,0,0,0,0,0,0,
259,Ito Smith,FA,RB,1,4,1,0,0,0,0,0,0,0,0,0,
260,Mike Boone,DEN,RB,4,35,0,2,22,0,0,0,0,0,0,0,
261,Trayveon Williams,CIN,RB,15,51,0,1,4,0,0,0,0,0,0,0,
262,Jason Huntley,PHI,RB,13,51,0,0,0,0,0,0,0,0,0,0,
263,Rodney Smith,FA,RB,0,0,0,5,48,0,0,0,0,0,0,0,
264,Wendell Smallwood,FA,RB,5,25,0,4,22,0,0,0,0,0,0,0,
265,Kalen Ballage,FA,RB,12,36,0,2,8,0,0,0,0,0,0,0,
266,Jakob Johnson,LV,RB,0,0,0,4,43,0,0,0,0,0,0,0,
267,La'Mical Perine,NYJ,RB,8,31,0,0,0,0,0,0,0,0,0,0,
268,Kylin Hill,GB,RB,10,24,0,1,5,0,0,0,0,0,0,0,
269,Dwayne Washington,NO,RB,4,16,0,2,12,0,0,0,0,0,0,0,
270,Reggie Gilliam,BUF,RB,3,3,0,3,23,0,0,0,0,0,0,0,
271,Gabe Nabers,LAC,RB,3,8,0,3,17,0,0,0,0,0,0,0,
272,Jaylen Samuels,FA,RB,5,9,0,3,14,0,0,0,0,0,0,0,
273,Scottie Phillips,FA,RB,6,13,0,2,9,0,0,0,0,0,0,0,
274,Patrick Laird,TB,RB,1,4,0,3,17,0,0,0,0,0,0,0,
275,Adam Prentice,NO,RB,3,5,0,3,16,0,0,0,0,0,0,0,
276,Raheem Mostert,MIA,RB,2,20,0,0,0,0,0,0,0,0,0,0,
277,Nick Bawden,NYJ,RB,0,0,0,1,20,0,0,0,0,0,0,0,
278,Darrynton Evans,CHI,RB,2,7,0,2,11,0,0,0,0,0,0,0,
279,Derek Watt,PIT,RB,1,1,0,3,15,0,0,0,0,0,0,0,
280,Reggie Bonnafon,WAS,RB,1,4,0,2,12,0,0,0,0,0,0,0,
281,Trey Ragas,LAR,RB,1,9,0,2,6,0,0,0,0,0,0,0,
282,Anthony McFarland Jr.,PIT,RB,3,3,0,1,11,0,0,0,0,0,0,0,
283,John Kelly Jr.,CLE,RB,2,13,0,0,0,0,0,0,0,0,0,0,
284,Cam Akers,LAR,RB,5,3,0,3,10,0,0,0,0,0,0,0,
285,Jacques Patrick,CIN,RB,2,12,0,0,0,0,0,0,0,0,0,0,
286,Mekhi Sargent,JAC,RB,5,11,0,0,0,0,0,0,0,0,0,0,
287,Buddy Howell,FA,RB,5,11,0,0,0,0,0,0,0,0,0,0,
288,Gary Brightwell,NYG,RB,1,4,0,1,6,0,0,0,0,0,0,0,
289,Ryan Nall,DAL,RB,1,4,0,1,4,0,0,0,0,0,0,0,
290,Damarea Crockett,DEN,RB,3,7,0,0,0,0,0,0,0,0,0,0,
291,Jake Funk,LAR,RB,2,5,0,0,0,0,0,0,0,0,0,0,
292,Devine Ozigbo,NO,RB,1,-3,0,1,7,0,0,0,0,0,0,0,
293,Nathan Cottrell,FA,RB,1,3,0,0,0,0,0,0,0,0,0,0,
294,Max Borghi,PIT,RB,0,0,0,0,0,0,0,0,0,0,0,0,
295,Raheem Blackshear,BUF,RB,0,0,0,0,0,0,0,0,0,0,0,0,
296,C.J. Verdell,IND,RB,0,0,0,0,0,0,0,0,0,0,0,0,
297,Kennedy Brooks,PHI,RB,0,0,0,0,0,0,0,0,0,0,0,0,
298,Sandro Platzgummer,NYG,RB,0,0,0,0,0,0,0,0,0,0,0,0,
299,Brian Robinson Jr.,WAS,RB,0,0,0,0,0,0,0,0,0,0,0,0,
300,Zamir White,LV,RB,0,0,0,0,0,0,0,0,0,0,0,0,
301,Dexter Williams,GB,RB,0,0,0,0,0,0,0,0,0,0,0,0,
302,Trevon Wesco,NYJ,RB,0,0,0,3,35,0,0,0,0,0,0,0,
303,Mike Weber,NYG,RB,0,0,0,0,0,0,0,0,0,0,0,0,
304,Darwin Thompson,SEA,RB,0,0,0,0,0,0,0,0,0,0,0,0,
305,Sutton Smith,FA,RB,0,0,0,0,0,0,0,0,0,0,0,0,
306,Cullen Gillaspia,FA,RB,0,0,0,0,0,0,0,0,0,0,0,0,
307,Andrew Beck,DEN,RB,0,0,0,0,0,0,0,0,0,0,0,0,
308,John Lovett,MIA,RB,0,0,0,0,0,0,0,0,0,0,0,0,
309,Elijah Holyfield,CIN,RB,0,0,0,0,0,0,0,0,0,0,0,0,
310,Justice Hill,BAL,RB,0,0,0,0,0,0,0,0,0,0,0,0,
311,Rico Dowdle,DAL,RB,0,0,0,0,0,0,0,0,0,0,0,0,
312,Sewo Olonilua,FA,RB,0,0,0,0,0,0,0,0,0,0,0,0,
313,Giovanni Ricci,CAR,RB,0,0,0,0,0,0,0,0,0,0,0,0,
314,Antonio Williams,NYG,RB,0,0,0,0,0,0,0,0,0,0,0,0,
315,Josh Hokit,ARI,RB,0,0,0,0,0,0,0,0,0,0,0,0,
316,Pooka Williams Jr.,FA,RB,0,0,0,0,0,0,0,0,0,0,0,0,
317,Raymond Calais,LAR,RB,0,0,0,0,0,0,0,0,0,0,0,0,
318,Travis Etienne,JAC,RB,0,0,0,0,0,0,0,0,0,0,0,0,
319,J.K. Dobbins,BAL,RB,0,0,0,0,0,0,0,0,0,0,0,0,
320,LeVante Bellamy,FA,RB,0,0,0,0,0,0,0,0,0,0,0,0,
321,Caleb Huntley,ATL,RB,0,0,0,0,0,0,0,0,0,0,0,0,
322,Artavis Pierce,FA,RB,0,0,0,0,0,0,0,0,0,0,0,0,
323,Darius Bradwell,FA,RB,0,0,0,0,0,0,0,0,0,0,0,0,
324,Ty Chandler,MIN,RB,0,0,0,0,0,0,0,0,0,0,0,0,
325,Darius Anderson,HOU,RB,0,0,0,0,0,0,0,0,0,0,0,0,
326,Ben Mason,BAL,RB,0,0,0,0,0,0,0,0,0,0,0,0,
327,Gerrid Doaks,MIA,RB,0,0,0,0,0,0,0,0,0,0,0,0,
328,Avery Williams,ATL,RB,0,0,0,0,0,0,0,0,0,0,0,0,
329,Spencer Brown,CAR,RB,0,0,0,0,0,0,0,0,0,0,0,0,
330,Tory Carter,TEN,RB,0,0,0,0,0,0,0,0,0,0,0,0,
331,Sincere McCormick,LV,RB,0,0,0,0,0,0,0,0,0,0,0,0,
332,Keaontay Ingram,ARI,RB,0,0,0,0,0,0,0,0,0,0,0,0,
333,A.J. Rose Jr.,LAR,RB,0,0,0,0,0,0,0,0,0,0,0,0,
334,Josh Johnson,SEA,RB,0,0,0,0,0,0,0,0,0,0,0,0,
335,B.J. Emmons,FA,RB,0,0,0,0,0,0,0,0,0,0,0,0,
336,Nick Ralston,FA,RB,0,0,0,0,0,0,0,0,0,0,0,0,
337,Isaiah Spiller,LAC,RB,0,0,0,0,0,0,0,0,0,0,0,0,
338,Jerrion Ealy,KC,RB,0,0,0,0,0,0,0,0,0,0,0,0,
339,Kyren Williams,LAR,RB,0,0,0,0,0,0,0,0,0,0,0,0,
340,Zonovan Knight,NYJ,RB,0,0,0,0,0,0,0,0,0,0,0,0,
341,Snoop Conner,JAC,RB,0,0,0,0,0,0,0,0,0,0,0,0,
342,Ken Walker III,SEA,RB,0,0,0,0,0,0,0,0,0,0,0,0,
343,Kevin Harris,NE,RB,0,0,0,0,0,0,0,0,0,0,0,0,
344,Kevin Marks Jr.,LAC,RB,0,0,0,0,0,0,0,0,0,0,0,0,
345,John Lovett,CAR,RB,0,0,0,0,0,0,0,0,0,0,0,0,
346,Brittain Brown,LV,RB,0,0,0,0,0,0,0,0,0,0,0,0,
347,Connor Heyward,PIT,RB,0,0,0,0,0,0,0,0,0,0,0,0,
348,ZaQuandre White,MIA,RB,0,0,0,0,0,0,0,0,0,0,0,0,
349,Julius Chestnut,TEN,RB,0,0,0,0,0,0,0,0,0,0,0,0,
350,Zonovan Knight,NYJ,RB,0,0,0,0,0,0,0,0,0,0,0,0,
351,Aaron Shampklin,DAL,RB,0,0,0,0,0,0,0,0,0,0,0,0,
352,T.J. Pledger,ARI,RB,0,0,0,0,0,0,0,0,0,0,0,0,
353,Pierre Strong Jr.,NE,RB,0,0,0,0,0,0,0,0,0,0,0,0,
354,Tyler Allgeier,ATL,RB,0,0,0,0,0,0,0,0,0,0,0,0,
355,Tayon Fleet-Davis,KC,RB,0,0,0,0,0,0,0,0,0,0,0,0,
356,Trestan Ebner,CHI,RB,0,0,0,0,0,0,0,0,0,0,0,0,
357,Malik Davis,DAL,RB,0,0,0,0,0,0,0,0,0,0,0,0,
358,Leddie Brown,LAC,RB,0,0,0,0,0,0,0,0,0,0,0,0,
359,Zander Horvath,LAC,RB,0,0,0,0,0,0,0,0,0,0,0,0,
360,Mataeo Durant,PIT,RB,0,0,0,0,0,0,0,0,0,0,0,0,
361,Rachaad White,TB,RB,0,0,0,0,0,0,0,0,0,0,0,0,
362,D'Vonte Price,IND,RB,0,0,0,0,0,0,0,0,0,0,0,0,
363,Tyler Badie,BAL,RB,0,0,0,0,0,0,0,0,0,0,0,0,
364,Hassan Haskins,TEN,RB,0,0,0,0,0,0,0,0,0,0,0,0,
365,Abram Smith,NO,RB,0,0,0,0,0,0,0,0,0,0,0,0,
366,DeAndre Torrey,PHI,RB,0,0,0,0,0,0,0,0,0,0,0,0,
367,Isiah Pacheco,KC,RB,0,0,0,0,0,0,0,0,0,0,0,0,
368,Bryant Koback,MIN,RB,0,0,0,0,0,0,0,0,0,0,0,0,
369,Jaylen Warren,PIT,RB,0,0,0,0,0,0,0,0,0,0,0,0,
370,De'Montre Tuggle,CHI,RB,0,0,0,0,0,0,0,0,0,0,0,0,
371,Tyrion Davis-Price,SF,RB,0,0,0,0,0,0,0,0,0,0,0,0,
372,Javian Hawkins,TEN,RB,0,0,0,0,0,0,0,0,0,0,0,0,
373,Stevie Scott,DEN,RB,0,0,0,0,0,0,0,0,0,0,0,0,
374,Paul Quessenberry,HOU,RB,0,0,0,0,0,0,0,0,0,0,0,0,
375,James Cook,BUF,RB,0,0,0,0,0,0,0,0,0,0,0,0,
376,Breece Hall,NYJ,RB,0,0,0,0,0,0,0,0,0,0,0,0,
377,Tyler Goodson,GB,RB,0,0,0,0,0,0,0,0,0,0,0,0,
378,Jordan Mason,SF,RB,0,0,0,0,0,0,0,0,0,0,0,0,
379,Jashaun Corbin,NYG,RB,0,0,0,0,0,0,0,0,0,0,0,0,
380,Dameon Pierce,HOU,RB,0,0,0,0,0,0,0,0,0,0,0,0,
381,Jerome Ford,CLE,RB,0,0,0,0,0,0,0,0,0,0,0,0,
382,Shane Bannon,KC,RB,0,0,0,0,0,0,0,0,0,0,0,0,
383,Jay Finley,CIN,RB,0,0,0,0,0,0,0,0,0,0,0,0,
384,Taiwan Jones,BUF,RB,0,0,0,0,0,0,0,0,0,0,0,0,
385,Nick Bellore,SEA,RB,0,0,0,1,4,0,0,0,0,0,0,0,
386,Chad Spann,HOU,RB,0,0,0,0,0,0,0,0,0,0,0,0,
387,Garrett Mills,NE,RB,0,0,0,0,0,0,0,0,0,0,0,0,
388,Kenny Irons,CIN,RB,0,0,0,0,0,0,0,0,0,0,0,0,
389,Anthony Alridge,WAS,RB,0,0,0,0,0,0,0,0,0,0,0,0,
390,Dantrell Savage,CAR,RB,0,0,0,0,0,0,0,0,0,0,0,0,
391,Chad Simpson,WAS,RB,0,0,0,0,0,0,0,0,0,0,0,0,
392,Samkon Gado,TEN,RB,0,0,0,0,0,0,0,0,0,0,0,0,
393,Xavier Omon,SF,RB,0,0,0,0,0,0,0,0,0,0,0,0,
394,Madison Hedgecock,NYG,RB,0,0,0,0,0,0,0,0,0,0,0,0,
395,J.P. Holtz,NO,RB,0,0,0,0,0,0,0,0,0,0,0,0,
396,Brandin Bryant,BUF,RB,0,0,0,0,0,0,0,0,0,0,0,0,
397,Brian Hill,FA,RB,0,0,0,0,0,0,0,0,0,0,0,0,
398,Tarik Cohen,FA,RB,0,0,0,0,0,0,0,0,0,0,0,0,
399,Trey Edmunds,FA,RB,0,0,0,0,0,0,0,0,0,0,0,0,
400,Jason Cabinda,DET,RB,3,23,0,4,16,1,0,0,0,0,0,0,
401,Gus Edwards,BAL,RB,0,0,0,0,0,0,0,0,0,0,0,0,
402,Jordan Wilkins,FA,RB,0,0,0,0,0,0,0,0,0,0,0,0,
403,Elijah McGuire,FA,RB,0,0,0,0,0,0,0,0,0,0,0,0,
404,Taquan Mizzell,NYG,RB,0,0,0,0,0,0,0,0,0,0,0,0,
405,Tim Flanders,NO,RB,0,0,0,0,0,0,0,0,0,0,0,0,
406,Willie Carter,CHI,RB,0,0,0,0,0,0,0,0,0,0,0,0,
407,Kenjon Barner,TB,RB,4,0,0,0,0,0,0,0,0,0,0,0,
408,Brennan Clay,DEN,RB,0,0,0,0,0,0,0,0,0,0,0,0,
409,Nate McCrary,BAL,RB,1,-1,0,0,0,0,0,0,0,0,0,0,
410,Khari Blasingame,CHI,RB,3,6,0,2,4,0,1,0,0,0,0,0,
411,Trenton Cannon,TEN,RB,3,4,0,0,0,0,1,0,0,0,0,0,
412,Cooper Kupp,LAR,WR,4,18,0,145,"1,947",16,0,0,0,0,0,0,
413,Deebo Samuel,SF,WR,59,365,8,77,"1,405",6,2,0,0,0,0,0,
414,Ja'Marr Chase,CIN,WR,7,21,0,81,"1,455",13,1,0,0,0,0,0,
415,Justin Jefferson,MIN,WR,6,14,0,108,"1,616",10,1,0,0,0,0,0,
416,Davante Adams,LV,WR,0,0,0,123,"1,553",11,0,0,0,0,0,0,
417,Mike Evans,TB,WR,1,10,0,74,"1,035",14,0,0,0,0,0,0,
418,Tyreek Hill,MIA,WR,9,96,0,111,"1,239",9,1,0,0,0,0,0,
419,Stefon Diggs,BUF,WR,0,0,0,103,"1,225",10,0,0,0,0,0,0,
420,Mike Williams,LAC,WR,0,0,0,76,"1,146",9,0,0,0,0,0,0,
421,D.K. Metcalf,SEA,WR,1,6,0,75,967,12,0,0,0,0,0,0,
422,Tyler Lockett,SEA,WR,2,9,0,73,"1,175",8,0,0,0,0,0,0,
423,Diontae Johnson,PIT,WR,5,53,0,107,"1,161",8,2,0,0,0,0,0,
424,Hunter Renfrow,LV,WR,3,3,0,103,"1,038",9,1,0,0,0,0,0,
425,CeeDee Lamb,DAL,WR,9,76,0,79,"1,102",6,0,0,0,0,0,0,
426,Keenan Allen,LAC,WR,0,0,0,106,"1,138",6,0,0,0,0,0,0,
427,Michael Pittman Jr.,IND,WR,5,44,0,88,"1,082",6,0,0,0,0,0,0,
428,Tee Higgins,CIN,WR,0,0,0,74,"1,091",6,1,0,0,0,0,0,
429,D.J. Moore,CAR,WR,8,48,0,93,"1,157",4,1,0,0,0,0,0,
430,Chris Godwin,TB,WR,4,21,1,98,"1,103",5,2,0,0,0,0,0,
431,Brandin Cooks,HOU,WR,2,21,0,90,"1,037",6,0,0,0,0,0,0,
432,Jaylen Waddle,MIA,WR,2,3,1,104,"1,015",6,1,0,0,0,0,0,
433,Darnell Mooney,CHI,WR,6,32,1,81,"1,055",4,0,0,0,0,0,0,
434,Amon-Ra St. Brown,DET,WR,7,61,1,90,912,5,0,0,0,0,0,0,
435,Terry McLaurin,WAS,WR,1,12,0,77,"1,053",5,0,0,0,0,0,0,
436,Marquise Brown,ARI,WR,1,5,0,91,"1,008",6,1,0,0,0,0,0,
437,Amari Cooper,CLE,WR,0,0,0,68,865,8,0,0,0,0,0,0,
438,Adam Thielen,MIN,WR,1,2,0,67,726,10,0,0,0,0,0,0,
439,Christian Kirk,JAC,WR,1,11,0,77,982,5,0,0,0,0,0,0,
440,Kendrick Bourne,NE,WR,12,125,0,55,800,5,1,0,0,0,0,0,
441,DeVonta Smith,PHI,WR,0,0,0,64,916,5,1,0,0,0,0,0,
442,Van Jefferson,LAR,WR,2,20,0,50,802,6,0,0,0,0,0,0,
443,A.J. Brown,PHI,WR,2,10,0,63,869,5,0,0,0,0,0,0,
444,Tyler Boyd,CIN,WR,2,22,0,67,828,5,0,0,0,0,0,0,
445,Brandon Aiyuk,SF,WR,5,17,0,56,826,5,1,0,0,0,0,0,
446,K.J. Osborn,MIN,WR,1,10,0,50,655,7,0,0,0,0,0,0,
447,Chase Claypool,PIT,WR,14,96,0,59,860,2,0,0,0,0,0,0,
448,Marvin Jones,JAC,WR,0,0,0,73,832,4,0,0,0,0,0,0,
449,Marquez Callaway,NO,WR,0,0,0,46,698,6,0,0,0,0,0,0,
450,DeAndre Hopkins,ARI,WR,0,0,0,42,572,8,0,0,0,0,0,0,
451,Tim Patrick,DEN,WR,0,0,0,53,734,5,0,0,0,0,0,0,
452,Jakobi Meyers,NE,WR,1,9,0,83,866,2,1,0,0,0,0,0,
453,A.J. Green,ARI,WR,0,0,0,54,848,3,0,0,0,0,0,0,
454,Cedrick Wilson Jr.,MIA,WR,2,11,0,45,602,6,0,0,0,0,0,0,
455,Allen Lazard,GB,WR,3,32,0,40,513,8,0,0,0,0,0,0,
456,Russell Gage,TB,WR,0,0,0,66,770,4,2,0,0,0,0,0,
457,Elijah Moore,NYJ,WR,5,54,1,43,538,5,0,0,0,0,0,0,
458,Robert Woods,TEN,WR,8,46,1,45,556,4,0,0,0,0,0,0,
459,Courtland Sutton,DEN,WR,0,0,0,58,776,2,0,0,0,0,0,0,
460,Gabriel Davis,BUF,WR,0,0,0,35,549,6,0,0,0,0,0,0,
461,Emmanuel Sanders,FA,WR,2,31,0,42,626,4,0,0,0,0,0,0,
462,Robbie Anderson,CAR,WR,3,36,0,53,519,5,0,0,0,0,0,0,
463,Odell Beckham Jr.,FA,WR,2,14,0,44,537,5,0,0,0,0,0,0,
464,Byron Pringle,CHI,WR,0,0,0,42,568,5,1,0,0,0,0,0,
465,Kalif Raymond,DET,WR,4,28,0,48,576,4,0,0,0,0,0,0,
466,Mecole Hardman,KC,WR,8,46,0,59,693,2,2,0,0,0,0,0,
467,Jarvis Landry,NO,WR,6,40,2,52,570,2,2,0,0,0,0,0,
468,Antonio Brown,FA,WR,1,6,0,42,545,4,0,0,0,0,0,0,
469,Cole Beasley,FA,WR,0,0,0,82,693,1,0,0,0,0,0,0,
470,Deonte Harty,NO,WR,5,41,0,36,570,3,1,0,0,0,0,0,
471,Donovan Peoples-Jones,CLE,WR,0,0,0,34,597,3,1,0,0,0,0,0,
472,Bryan Edwards,ATL,WR,1,0,0,34,571,3,0,0,0,0,0,0,
473,Braxton Berrios,NYJ,WR,7,40,2,46,431,2,1,0,0,0,0,0,
474,Quez Watkins,PHI,WR,1,3,0,43,647,1,0,0,0,0,0,0,
475,Corey Davis,NYJ,WR,0,0,0,34,492,4,1,0,0,0,0,0,
476,Nick Westbrook-Ikhine,TEN,WR,0,0,0,38,476,4,1,0,0,0,0,0,
477,Nelson Agholor,NE,WR,3,11,0,37,473,3,0,0,0,0,0,0,
478,Jalen Guyton,LAC,WR,7,34,0,31,448,3,0,0,0,0,0,0,
479,Randall Cobb,GB,WR,1,1,0,28,375,5,1,0,0,0,0,0,
480,Laviska Shenault Jr.,JAC,WR,11,41,0,63,619,0,1,0,0,0,0,0,
481,DeVante Parker,NE,WR,0,0,0,40,515,2,0,0,0,0,0,0,
482,DeAndre Carter,LAC,WR,10,89,0,24,296,3,0,0,0,0,0,0,
483,Freddie Swain,SEA,WR,5,32,0,25,343,4,0,0,0,0,0,0,
484,Marquez Valdes-Scantling,KC,WR,0,0,0,26,430,3,0,0,0,0,0,0,
485,Henry Ruggs III,FA,WR,3,16,0,24,469,2,0,0,0,0,0,0,
486,Joshua Palmer,LAC,WR,1,6,0,33,353,4,0,0,0,0,0,0,
487,Zay Jones,JAC,WR,2,3,0,47,546,1,1,0,0,0,0,0,
488,Olamide Zaccheaus,ATL,WR,1,2,0,31,406,3,0,0,0,0,0,0,
489,Jamison Crowder,BUF,WR,0,0,0,51,447,2,1,0,0,0,0,0,
490,Jauan Jennings,SF,WR,0,0,0,24,282,5,0,0,0,0,0,0,
491,Rashod Bateman,BAL,WR,0,0,0,46,515,1,0,0,0,0,0,0,
492,Michael Gallup,DAL,WR,0,0,0,35,445,2,0,0,0,0,0,0,
493,Zach Pascal,PHI,WR,2,21,0,38,384,3,1,0,0,0,0,0,
494,DeSean Jackson,FA,WR,1,4,0,20,454,2,1,0,0,0,0,0,
495,Tre'Quan Smith,NO,WR,0,0,0,32,377,3,0,0,0,0,0,0,
496,Rondale Moore,ARI,WR,18,76,0,54,435,1,1,0,0,0,0,0,
497,Kenny Golladay,NYG,WR,0,0,0,37,521,0,0,0,0,0,0,0,
498,Jamal Agnew,JAC,WR,7,111,1,24,229,1,0,0,0,0,0,0,
499,Josh Reynolds,DET,WR,0,0,0,29,396,2,0,0,0,0,0,0,
500,T.Y. Hilton,FA,WR,0,0,0,23,331,3,0,0,0,0,0,0,
501,Keelan Cole Sr.,LV,WR,0,0,0,28,449,1,0,0,0,0,0,0,
502,Nico Collins,HOU,WR,0,0,0,33,446,1,0,0,0,0,0,0,
503,Julio Jones,TB,WR,0,0,0,31,434,1,0,0,0,0,0,0,
504,Laquon Treadwell,JAC,WR,0,0,0,33,434,1,0,0,0,0,0,0,
505,Allen Robinson,LAR,WR,0,0,0,38,410,1,0,0,0,0,0,0,
506,Jerry Jeudy,DEN,WR,2,3,0,38,467,0,0,0,0,0,0,0,
507,Mack Hollins,LV,WR,0,0,0,14,223,4,0,0,0,0,0,0,
508,Jalen Reagor,PHI,WR,10,32,0,33,299,2,0,0,0,0,0,0,
509,Danny Amendola,FA,WR,0,0,0,24,248,3,0,0,0,0,0,0,
510,Demarcus Robinson,FA,WR,0,0,0,25,264,3,0,0,0,0,0,0,
511,Devin Duvernay,BAL,WR,7,50,0,33,272,2,0,0,0,0,0,0,
512,Sammy Watkins,GB,WR,0,0,0,27,394,1,1,0,0,0,0,0,
513,Kadarius Toney,NYG,WR,3,6,0,39,420,0,0,0,0,0,0,0,
514,Chris Conley,HOU,WR,1,3,0,22,323,2,1,0,0,0,0,0,
515,Darius Slayton,NYG,WR,1,-13,0,26,339,2,1,0,0,0,0,0,
516,James Washington,DAL,WR,2,13,0,24,285,2,0,0,0,0,0,0,
517,Sterling Shepard,NYG,WR,1,-9,0,36,366,1,0,0,0,0,0,0,
518,Calvin Ridley,ATL,WR,0,0,0,31,281,2,0,0,0,0,0,0,
519,Damiere Byrd,ATL,WR,0,0,0,26,329,1,1,0,0,0,0,0,
520,Antoine Wesley,ARI,WR,0,0,0,19,208,3,0,0,0,0,0,0,
521,Adam Humphries,FA,WR,0,0,0,41,383,0,0,0,0,0,0,0,
522,Marquise Goodwin,SEA,WR,2,-1,0,20,313,1,0,0,0,0,0,0,
523,Lil'Jordan Humphrey,NE,WR,0,0,0,13,249,2,0,0,0,0,0,0,
524,Tyler Johnson,TB,WR,0,0,0,36,360,0,0,0,0,0,0,0,
525,Chester Rogers,HOU,WR,1,9,0,30,301,1,1,0,0,0,0,0,
526,Chris Moore,HOU,WR,0,0,0,21,227,2,0,0,0,0,0,0,
527,Cyril Grayson Jr.,TB,WR,1,14,0,10,212,2,0,0,0,0,0,0,
528,Quintez Cephus,DET,WR,0,0,0,15,204,2,0,0,0,0,0,0,
529,Cam Sims,WAS,WR,1,7,0,15,211,2,0,0,0,0,0,0,
530,Rashard Higgins,CAR,WR,0,0,0,24,275,1,0,0,0,0,0,0,
531,Malik Turner,SF,WR,0,0,0,12,149,3,0,0,0,0,0,0,
532,Isaiah McKenzie,BUF,WR,9,47,1,20,178,1,1,0,0,0,0,0,
533,Ashton Dulin,IND,WR,3,32,0,13,173,2,0,0,0,0,0,0,
534,Brandon Zylstra,CAR,WR,0,0,0,18,250,1,0,0,0,0,0,0,
535,John Ross,FA,WR,1,16,0,11,224,1,0,0,0,0,0,0,
536,Jakeem Grant Sr.,CLE,WR,5,33,0,11,132,2,3,0,0,0,0,0,
537,Isaiah Ford,FA,WR,0,0,0,12,161,2,0,0,0,0,0,0,
538,Greg Ward,PHI,WR,0,0,0,7,95,3,0,0,0,0,0,0,
539,DJ Chark Jr.,DET,WR,0,0,0,7,154,2,0,0,0,0,0,0,
540,Tavon Austin,BUF,WR,3,21,0,24,213,1,1,0,0,0,0,0,
541,Ray-Ray McCloud,SF,WR,2,15,0,39,277,0,1,0,0,0,0,0,
542,Ihmir Smith-Marsette,MIN,WR,0,0,0,5,116,2,0,0,0,0,0,0,
543,Kendall Hinton,DEN,WR,0,0,0,15,175,1,0,0,0,0,0,0,
544,Anthony Schwartz,CLE,WR,6,39,0,10,135,1,0,0,0,0,0,0,
545,Albert Wilson,MIN,WR,4,17,0,25,213,0,0,0,0,0,0,0,
546,Tajae Sharpe,CHI,WR,0,0,0,25,230,0,0,0,0,0,0,0,
547,Breshad Perriman,TB,WR,1,-3,0,11,167,1,0,0,0,0,0,0,
548,Parris Campbell,IND,WR,0,0,0,10,162,1,0,0,0,0,0,0,
549,James Proche II,BAL,WR,0,0,0,16,202,0,0,0,0,0,0,0,
550,JuJu Smith-Schuster,KC,WR,3,9,1,15,129,0,0,0,0,0,0,0,
551,Noah Brown,DAL,WR,0,0,0,16,184,0,0,0,0,0,0,0,
552,Dee Eskridge,SEA,WR,4,59,0,10,64,1,0,0,0,0,0,0,
553,KhaDarel Hodge,ATL,WR,0,0,0,13,157,0,0,0,0,0,0,0,
554,Mohamed Sanu Sr.,MIA,WR,0,0,0,15,177,0,0,0,0,0,0,0,
555,Jody Fortson,KC,WR,0,0,0,5,47,2,0,0,0,0,0,0,
556,N'Keal Harry,CHI,WR,0,0,0,12,184,0,1,0,0,0,0,0,
557,Kristian Wilkerson,NE,WR,0,0,0,4,42,2,0,0,0,0,0,0,
558,Dyami Brown,WAS,WR,1,-4,0,12,165,0,0,0,0,0,0,0,
559,Marcus Johnson,SF,WR,2,-2,0,9,160,0,0,0,0,0,0,0,
560,Terrace Marshall Jr.,CAR,WR,0,0,0,17,138,0,0,0,0,0,0,0,
561,Dante Pettis,CHI,WR,0,0,0,10,87,1,0,0,0,0,0,0,
562,Trent Sherfield,MIA,WR,0,0,0,9,87,1,0,0,0,0,0,0,
563,Scotty Miller,TB,WR,2,43,1,5,38,0,0,0,0,0,0,0,
564,Denzel Mims,NYJ,WR,0,0,0,8,133,0,0,0,0,0,0,0,
565,Ben Skowronek,LAR,WR,0,0,0,11,133,0,0,0,0,0,0,0,
566,Kenny Stills,FA,WR,1,1,0,6,68,1,0,0,0,0,0,0,
567,Tom Kennedy,DET,WR,0,0,0,6,54,0,0,0,0,0,0,0,
568,Equanimeous St. Brown,CHI,WR,3,14,0,9,98,0,0,0,0,0,0,0,
569,Jeff Smith,NYJ,WR,1,-1,0,8,113,0,0,0,0,0,0,0,
570,Phillip Dorsett II,HOU,WR,1,0,0,7,110,0,0,0,0,0,0,0,
571,Dez Fitzpatrick,TEN,WR,0,0,0,5,49,1,0,0,0,0,0,0,
572,Collin Johnson,NYG,WR,0,0,0,11,105,0,0,0,0,0,0,0,
573,Trinity Benson,DET,WR,0,0,0,10,103,0,0,0,0,0,0,0,
574,Shi Smith,CAR,WR,1,-3,0,6,104,0,0,0,0,0,0,0,
575,Chris Hogan,FA,WR,0,0,0,4,41,1,0,0,0,0,0,0,
576,Auden Tate,ATL,WR,0,0,0,3,39,1,0,0,0,0,0,0,
577,Josh Gordon,KC,WR,0,0,0,5,32,1,0,0,0,0,0,0,
578,Cameron Batson,ATL,WR,2,15,0,2,15,1,0,0,0,0,0,0,
579,Anthony Miller,PIT,WR,0,0,0,6,25,1,0,0,0,0,0,0,
580,Dezmon Patmon,IND,WR,0,0,0,2,21,1,0,0,0,0,0,0,
581,Preston Williams,MIA,WR,1,7,0,6,71,0,0,0,0,0,0,0,
582,KJ Hamler,DEN,WR,0,0,0,5,74,0,0,0,0,0,0,0,
583,Andre Roberts,CAR,WR,3,19,0,1,35,0,2,0,0,0,0,0,
584,Dede Westbrook,FA,WR,0,0,0,10,68,0,0,0,0,0,0,0,
585,Dax Milne,WAS,WR,1,1,0,9,83,0,1,0,0,0,0,0,
586,Ja'Marcus Bradley,CLE,WR,0,0,0,4,64,0,0,0,0,0,0,0,
587,Brandon Powell,LAR,WR,0,0,0,0,0,0,0,0,0,0,0,0,
588,Penny Hart,SEA,WR,0,0,0,7,59,0,0,0,0,0,0,0,
589,C.J. Board,NYG,WR,1,6,0,4,51,0,0,0,0,0,0,0,
590,Jason Moore Jr.,LAC,WR,0,0,0,3,56,0,0,0,0,0,0,0,
591,Amari Rodgers,GB,WR,1,11,0,4,45,0,0,0,0,0,0,0,
592,Alex Erickson,WAS,WR,0,0,0,3,55,0,0,0,0,0,0,0,
593,Jaelon Darden,TB,WR,1,11,0,6,43,0,0,0,0,0,0,0,
594,Mike Thomas,CIN,WR,0,0,0,5,52,0,0,0,0,0,0,0,
595,William Fuller V,FA,WR,0,0,0,4,26,0,0,0,0,0,0,0,
596,Trent Taylor,CIN,WR,0,0,0,2,41,0,0,0,0,0,0,0,
597,Gunner Olszewski,PIT,WR,1,9,0,2,31,0,0,0,0,0,0,0,
598,Greg Dortch,ARI,WR,1,24,0,3,15,0,0,0,0,0,0,0,
599,Curtis Samuel,WAS,WR,4,11,0,6,27,0,0,0,0,0,0,0,
600,Juwann Winfree,GB,WR,0,0,0,8,58,0,1,0,0,0,0,0,
601,Willie Snead IV,SF,WR,0,0,0,4,38,0,0,0,0,0,0,0,
602,Kevin White,NO,WR,0,0,0,1,38,0,0,0,0,0,0,0,
603,Pharoh Cooper,FA,WR,1,3,0,4,33,0,0,0,0,0,0,0,
604,J.J. Arcega-Whiteside,SEA,WR,0,0,0,2,36,0,0,0,0,0,0,0,
605,D.J. Montgomery,IND,WR,0,0,0,3,36,0,0,0,0,0,0,0,
606,Trenton Irwin,CIN,WR,0,0,0,2,34,0,0,0,0,0,0,0,
607,Seth Williams,DEN,WR,0,0,0,1,34,0,0,0,0,0,0,0,
608,Cody Hollister,TEN,WR,0,0,0,4,33,0,0,0,0,0,0,0,
609,Cody White,PIT,WR,0,0,0,5,33,0,0,0,0,0,0,0,
610,KJ Hill Jr.,FA,WR,0,0,0,3,30,0,0,0,0,0,0,0,
611,Jake Kumerow,BUF,WR,0,0,0,2,28,0,0,0,0,0,0,0,
612,Mike Strachan,IND,WR,0,0,0,2,26,0,0,0,0,0,0,0,
613,Christian Blake,PIT,WR,0,0,0,4,25,0,0,0,0,0,0,0,
614,Marcus Kemp,NYG,WR,0,0,0,2,24,0,0,0,0,0,0,0,
615,Tylan Wallace,BAL,WR,0,0,0,2,23,0,0,0,0,0,0,0,
616,Dazz Newsome,CHI,WR,0,0,0,2,23,0,0,0,0,0,0,0,
617,Davion Davis,FA,WR,0,0,0,1,17,0,0,0,0,0,0,0,
618,David Sills V,NYG,WR,0,0,0,2,17,0,0,0,0,0,0,0,
619,Keith Kirkwood,CAR,WR,0,0,0,3,17,0,0,0,0,0,0,0,
620,Tyron Johnson,LV,WR,0,0,0,2,16,0,0,0,0,0,0,0,
621,Frank Darby,ATL,WR,0,0,0,1,14,0,0,0,0,0,0,0,
622,Tyrell Williams,FA,WR,0,0,0,2,14,0,0,0,0,0,0,0,
623,Stanley Morgan Jr.,CIN,WR,1,3,0,2,11,0,0,0,0,0,0,0,
624,Kirk Merritt,NO,WR,0,0,0,1,13,0,0,0,0,0,0,0,
625,Andy Isabella,ARI,WR,0,0,0,1,13,0,0,0,0,0,0,0,
626,C.J. Saunders,CAR,WR,0,0,0,2,11,0,0,0,0,0,0,0,
627,Marvin Hall,JAC,WR,0,0,0,1,10,0,0,0,0,0,0,0,
628,Jaydon Mickens,FA,WR,0,0,0,2,10,0,0,0,0,0,0,0,
629,Tarik Black,NYJ,WR,0,0,0,1,10,0,0,0,0,0,0,0,
630,Tommylee Lewis,FA,WR,0,0,0,1,7,0,0,0,0,0,0,0,
631,Miles Boykin,PIT,WR,0,0,0,1,6,0,0,0,0,0,0,0,
632,Easop Winston Jr.,CLE,WR,0,0,0,1,5,0,0,0,0,0,0,0,
633,Keke Coutee,IND,WR,0,0,0,1,5,0,0,0,0,0,0,0,
634,Maurice Ffrench,FA,WR,1,3,0,0,0,0,0,0,0,0,0,0,
635,Scotty Washington,CIN,WR,0,0,0,0,0,0,0,0,0,0,0,0,
636,Isaiah Zuber,LV,WR,0,0,0,0,0,0,0,0,0,0,0,0,
637,Willie Johnson,JAC,WR,0,0,0,0,0,0,0,0,0,0,0,0,
638,Jaylon Moore,BAL,WR,0,0,0,0,0,0,0,0,0,0,0,0,
639,Isaiah Coulter,CHI,WR,0,0,0,0,0,0,0,0,0,0,0,0,
640,Justyn Ross,KC,WR,0,0,0,0,0,0,0,0,0,0,0,0,
641,Tutu Atwell,LAR,WR,0,0,0,0,0,0,0,0,0,0,0,0,
642,Chris Olave,NO,WR,0,0,0,0,0,0,0,0,0,0,0,0,
643,Pooka Williams Jr.,FA,WR,0,0,0,0,0,0,0,0,0,0,0,0,
644,Dan Chisena,MIN,WR,0,0,0,0,0,0,0,0,0,0,0,0,
645,Andre Baccellia,ARI,WR,0,0,0,0,0,0,0,0,0,0,0,0,
646,Jeff Cotton Jr.,JAC,WR,0,0,0,0,0,0,0,0,0,0,0,0,
647,Reggie Roberson Jr.,TEN,WR,0,0,0,0,0,0,0,0,0,0,0,0,
648,Sage Surratt,LAC,WR,0,0,0,0,0,0,0,0,0,0,0,0,
649,Marquez Stevenson,BUF,WR,0,0,0,0,0,0,0,0,0,0,0,0,
650,T.J. Vasher,DAL,WR,0,0,0,0,0,0,0,0,0,0,0,0,
651,John Hurst,IND,WR,0,0,0,0,0,0,0,0,0,0,0,0,
652,DeMichael Harris,IND,WR,0,0,0,0,0,0,0,0,0,0,0,0,
653,Josh Hammond,NE,WR,0,0,0,0,0,0,0,0,0,0,0,0,
654,Matt Cole,WAS,WR,0,0,0,0,0,0,0,0,0,0,0,0,
655,Aaron Parker,KC,WR,0,0,0,0,0,0,0,0,0,0,0,0,
656,Terry Godwin,TEN,WR,0,0,0,0,0,0,0,0,0,0,0,0,
657,Kelvin Harmon,WAS,WR,0,0,0,0,0,0,0,0,0,0,0,0,
658,Vyncint Smith,TB,WR,0,0,0,0,0,0,0,0,0,0,0,0,
659,Chris Lacy,LV,WR,0,0,0,0,0,0,0,0,0,0,0,0,
660,Justin Watson,KC,WR,0,0,0,0,0,0,0,0,0,0,0,0,
661,Damion Ratley,FA,WR,0,0,0,0,0,0,0,0,0,0,0,0,
662,Rico Gafford,GB,WR,0,0,0,0,0,0,0,0,0,0,0,0,
663,Jordan Veasy,FA,WR,0,0,0,0,0,0,0,0,0,0,0,0,
664,Chris Finke,CHI,WR,0,0,0,0,0,0,0,0,0,0,0,0,
665,Aaron Fuller,SEA,WR,0,0,0,0,0,0,0,0,0,0,0,0,
666,Darrius Shepherd,DEN,WR,0,0,0,0,0,0,0,0,0,0,0,0,
667,John Hightower,PHI,WR,0,0,0,0,0,0,0,0,0,0,0,0,
668,Mason Kinsey,TEN,WR,0,0,0,0,0,0,0,0,0,0,0,0,
669,Lawrence Cager,NYJ,WR,0,0,0,0,0,0,0,0,0,0,0,0,
670,Austin Mack,SF,WR,0,0,0,0,0,0,0,0,0,0,0,0,
671,Tyrie Cleveland,DEN,WR,0,0,0,0,0,0,0,0,0,0,0,0,
672,Trishton Jackson,MIN,WR,0,0,0,0,0,0,0,0,0,0,0,0,
673,Binjimen Victor,BAL,WR,0,0,0,0,0,0,0,0,0,0,0,0,
674,Lynn Bowden Jr.,MIA,WR,0,0,0,0,0,0,0,0,0,0,0,0,
675,Antonio Gandy-Golden,FA,WR,0,0,0,0,0,0,0,0,0,0,0,0,
676,Tyler Vaughns,PIT,WR,0,0,0,0,0,0,0,0,0,0,0,0,
677,Joe Reed,LAC,WR,0,0,0,0,0,0,0,0,0,0,0,0,
678,Charleston Rambo,CAR,WR,0,0,0,0,0,0,0,0,0,0,0,0,
679,Isaiah Hodgins,BUF,WR,0,0,0,0,0,0,0,0,0,0,0,0,
680,Steven Sims Jr.,PIT,WR,0,0,0,0,0,0,0,0,0,0,0,0,
681,Cody Thompson,SEA,WR,0,0,0,0,0,0,0,0,0,0,0,0,
682,Quinton Bell,ATL,WR,0,0,0,0,0,0,0,0,0,0,0,0,
683,Ishmael Hyman,GB,WR,0,0,0,0,0,0,0,0,0,0,0,0,
684,KeeSean Johnson,ATL,WR,0,0,0,0,0,0,0,0,0,0,0,0,
685,Gary Jennings Jr.,KC,WR,0,0,0,0,0,0,0,0,0,0,0,0,
686,Keelan Doss,NYG,WR,0,0,0,0,0,0,0,0,0,0,0,0,
687,KaVontae Turpin,DAL,WR,0,0,0,0,0,0,0,0,0,0,0,0,
688,Travis Fulgham,GB,WR,0,0,0,0,0,0,0,0,0,0,0,0,
689,Bisi Johnson,MIN,WR,0,0,0,0,0,0,0,0,0,0,0,0,
690,Nsimba Webster,CHI,WR,0,0,0,0,0,0,0,0,0,0,0,0,
691,Kabion Ento,GB,WR,0,0,0,0,0,0,0,0,0,0,0,0,
692,Dontario Drummond,DAL,WR,0,0,0,0,0,0,0,0,0,0,0,0,
693,Skyy Moore,KC,WR,0,0,0,0,0,0,0,0,0,0,0,0,
694,Kyle Philips,TEN,WR,0,0,0,0,0,0,0,0,0,0,0,0,
695,Slade Bolden,BAL,WR,0,0,0,0,0,0,0,0,0,0,0,0,
696,Christian Watson,GB,WR,0,0,0,0,0,0,0,0,0,0,0,0,
697,Samori Toure,GB,WR,0,0,0,0,0,0,0,0,0,0,0,0,
698,Jerreth Sterns,TB,WR,0,0,0,0,0,0,0,0,0,0,0,0,
699,Jaquarii Roberson,DAL,WR,0,0,0,0,0,0,0,0,0,0,0,0,
700,Romeo Doubs,GB,WR,0,0,0,0,0,0,0,0,0,0,0,0,
701,Calvin Jackson Jr.,NYJ,WR,0,0,0,0,0,0,0,0,0,0,0,0,
702,Alec Pierce,IND,WR,0,0,0,0,0,0,0,0,0,0,0,0,
703,Jalen Tolbert,DAL,WR,0,0,0,0,0,0,0,0,0,0,0,0,
704,Erik Ezukanma,MIA,WR,0,0,0,0,0,0,0,0,0,0,0,0,
705,Khalil Shakir,BUF,WR,0,0,0,0,0,0,0,0,0,0,0,0,
706,Calvin Austin,PIT,WR,0,0,0,0,0,0,0,0,0,0,0,0,
707,Jameson Williams,DET,WR,0,0,0,0,0,0,0,0,0,0,0,0,
708,Jalen Nailor,MIN,WR,0,0,0,0,0,0,0,0,0,0,0,0,
709,Kalil Pimpleton,DET,WR,0,0,0,0,0,0,0,0,0,0,0,0,
710,Jalen Virgil,DEN,WR,0,0,0,0,0,0,0,0,0,0,0,0,
711,Stanley Berryhill,ATL,WR,0,0,0,0,0,0,0,0,0,0,0,0,
712,Tanner Conner,MIA,WR,0,0,0,0,0,0,0,0,0,0,0,0,
713,Velus Jones Jr.,CHI,WR,0,0,0,0,0,0,0,0,0,0,0,0,
714,Kaylon Geiger,TB,WR,0,0,0,0,0,0,0,0,0,0,0,0,
715,Tyler Snead,PIT,WR,0,0,0,0,0,0,0,0,0,0,0,0,
716,Danny Gray,SF,WR,0,0,0,0,0,0,0,0,0,0,0,0,
717,Deven Thompkins,TB,WR,0,0,0,0,0,0,0,0,0,0,0,0,
718,Bo Melton,SEA,WR,0,0,0,0,0,0,0,0,0,0,0,0,
719,Tay Martin,SF,WR,0,0,0,0,0,0,0,0,0,0,0,0,
720,Simi Fehoko,DAL,WR,0,0,0,0,0,0,0,0,0,0,0,0,
721,Drake London,ATL,WR,0,0,0,0,0,0,0,0,0,0,0,0,
722,David Bell,CLE,WR,0,0,0,0,0,0,0,0,0,0,0,0,
723,Jahan Dotson,WAS,WR,0,0,0,0,0,0,0,0,0,0,0,0,
724,Michael Bandy,LAC,WR,0,0,0,0,0,0,0,0,0,0,0,0,
725,Tim Jones,JAC,WR,0,0,0,0,0,0,0,0,0,0,0,0,
726,Dillon Stoner,LV,WR,0,0,0,0,0,0,0,0,0,0,0,0,
727,DJ Turner,LV,WR,0,0,0,0,0,0,0,0,0,0,0,0,
728,Connor Wedington,HOU,WR,0,0,0,0,0,0,0,0,0,0,0,0,
729,Landen Akers,LAR,WR,0,0,0,0,0,0,0,0,0,0,0,0,
730,Jacob Harris,LAR,WR,0,0,0,0,0,0,0,0,0,0,0,0,
731,Blake Proehl,MIN,WR,0,0,0,0,0,0,0,0,0,0,0,0,
732,Myron Mitchell,MIN,WR,0,0,0,0,0,0,0,0,0,0,0,0,
733,Brandon Smith,DAL,WR,0,0,0,0,0,0,0,0,0,0,0,0,
734,Bailey Gaither,BAL,WR,0,0,0,0,0,0,0,0,0,0,0,0,
735,Osirus Mitchell,FA,WR,0,0,0,0,0,0,0,0,0,0,0,0,
736,Kawaan Baker,NO,WR,0,0,0,0,0,0,0,0,0,0,0,0,
737,Tre Nixon,NE,WR,0,0,0,0,0,0,0,0,0,0,0,0,
738,Jalen Camp,HOU,WR,0,0,0,0,0,0,0,0,0,0,0,0,
739,Austin Trammell,LAR,WR,0,0,0,0,0,0,0,0,0,0,0,0,
740,Ethan Fernea,IND,WR,0,0,0,0,0,0,0,0,0,0,0,0,
741,Dennis Houston,DAL,WR,0,0,0,0,0,0,0,0,0,0,0,0,
742,Mike Harley Jr.,CLE,WR,0,0,0,0,0,0,0,0,0,0,0,0,
743,Jack Sorenson,CIN,WR,0,0,0,0,0,0,0,0,0,0,0,0,
744,Kendric Pryor,CIN,WR,0,0,0,0,0,0,0,0,0,0,0,0,
745,Kwamie Lassiter II,CIN,WR,0,0,0,0,0,0,0,0,0,0,0,0,
746,Neil Pau'u,BUF,WR,0,0,0,0,0,0,0,0,0,0,0,0,
747,Andre Miller,NYG,WR,0,0,0,0,0,0,0,0,0,0,0,0,
748,Lance McCutcheon,LAR,WR,0,0,0,0,0,0,0,0,0,0,0,0,
749,Raleigh Webb,BAL,WR,0,0,0,0,0,0,0,0,0,0,0,0,
750,Shemar Bridges,BAL,WR,0,0,0,0,0,0,0,0,0,0,0,0,
751,Kevin Shaa,CHI,WR,0,0,0,0,0,0,0,0,0,0,0,0,
752,Rashid Shaheed,NO,WR,0,0,0,0,0,0,0,0,0,0,0,0,
753,Samson Nacua,IND,WR,0,0,0,0,0,0,0,0,0,0,0,0,
754,Justin Hall,LV,WR,0,0,0,0,0,0,0,0,0,0,0,0,
755,Lujuan Winningham,JAC,WR,0,0,0,0,0,0,0,0,0,0,0,0,
756,Maurice Alexander,DET,WR,0,0,0,0,0,0,0,0,0,0,0,0,
757,Keric Wheatfall,PHI,WR,0,0,0,0,0,0,0,0,0,0,0,0,
758,Kevin Kassis,SEA,WR,0,0,0,0,0,0,0,0,0,0,0,0,
759,Irvin Charles,NYJ,WR,0,0,0,0,0,0,0,0,0,0,0,0,
760,Jared Bernhardt,ATL,WR,0,0,0,0,0,0,0,0,0,0,0,0,
761,Chris Pierce Jr.,ARI,WR,0,0,0,0,0,0,0,0,0,0,0,0,
762,Braylon Sanders,MIA,WR,0,0,0,0,0,0,0,0,0,0,0,0,
763,Dai'Jean Dixon,NO,WR,0,0,0,0,0,0,0,0,0,0,0,0,
764,Gerrit Prince,JAC,WR,0,0,0,0,0,0,0,0,0,0,0,0,
765,Britain Covey,PHI,WR,0,0,0,0,0,0,0,0,0,0,0,0,
766,Brandon Johnson,DEN,WR,0,0,0,0,0,0,0,0,0,0,0,0,
767,Trevon Bradford,LAC,WR,0,0,0,0,0,0,0,0,0,0,0,0,
768,Johnny Johnson,HOU,WR,0,0,0,0,0,0,0,0,0,0,0,0,
769,Jontre Kirklin,ARI,WR,0,0,0,0,0,0,0,0,0,0,0,0,
770,JaVonta Payton,ARI,WR,0,0,0,0,0,0,0,0,0,0,0,0,
771,Danny Davis,GB,WR,0,0,0,0,0,0,0,0,0,0,0,0,
772,Kyric McGowan,WAS,WR,0,0,0,0,0,0,0,0,0,0,0,0,
773,Stone Smartt,LAC,WR,0,0,0,0,0,0,0,0,0,0,0,0,
774,Ra'Shaun Henry,CAR,WR,0,0,0,0,0,0,0,0,0,0,0,0,
775,Derek Wright,CAR,WR,0,0,0,0,0,0,0,0,0,0,0,0,
776,Drew Estrada,HOU,WR,0,0,0,0,0,0,0,0,0,0,0,0,
777,Dareke Young,SEA,WR,0,0,0,0,0,0,0,0,0,0,0,0,
778,Montrell Washington,DEN,WR,0,0,0,0,0,0,0,0,0,0,0,0,
779,Devon Allen,PHI,WR,0,0,0,0,0,0,0,0,0,0,0,0,
780,Wan'Dale Robinson,NYG,WR,0,0,0,0,0,0,0,0,0,0,0,0,
781,George Pickens,PIT,WR,0,0,0,0,0,0,0,0,0,0,0,0,
782,Jaivon Heiligh,CIN,WR,0,0,0,0,0,0,0,0,0,0,0,0,
783,Tyquan Thornton,NE,WR,0,0,0,0,0,0,0,0,0,0,0,0,
784,Treylon Burks,TEN,WR,0,0,0,0,0,0,0,0,0,0,0,0,
785,John Metchie III,HOU,WR,0,0,0,0,0,0,0,0,0,0,0,0,
786,Garrett Wilson,NYJ,WR,0,0,0,0,0,0,0,0,0,0,0,0,
787,Kevin Austin Jr.,JAC,WR,0,0,0,0,0,0,0,0,0,0,0,0,
788,Makai Polk,BAL,WR,0,0,0,0,0,0,0,0,0,0,0,0,
789,Cornell Powell,KC,WR,0,0,0,0,0,0,0,0,0,0,0,0,
790,Cade Johnson,SEA,WR,0,0,0,0,0,0,0,0,0,0,0,0,
791,Daurice Fountain,KC,WR,0,0,0,0,0,0,0,0,0,0,0,0,
792,Demario Ballard,DET,WR,0,0,0,0,0,0,0,0,0,0,0,0,
793,Patrick Edwards,DET,WR,0,0,0,0,0,0,0,0,0,0,0,0,
794,Eron Riley,NYJ,WR,0,0,0,0,0,0,0,0,0,0,0,0,
795,John Brown,FA,WR,0,0,0,0,0,0,0,0,0,0,0,0,
796,Jordan Matthews,SF,WR,0,0,0,0,0,0,0,0,0,0,0,0,
797,Marko Mitchell,MIN,WR,0,0,0,0,0,0,0,0,0,0,0,0,
798,Lance Long,SF,WR,0,0,0,0,0,0,0,0,0,0,0,0,
799,Kenny McKinley,DEN,WR,0,0,0,0,0,0,0,0,0,0,0,0,
800,Bobby Wade,WAS,WR,0,0,0,0,0,0,0,0,0,0,0,0,
801,Chris Henry,CIN,WR,0,0,0,0,0,0,0,0,0,0,0,0,
802,Matthew Slater,NE,WR,0,0,0,0,0,0,0,0,0,0,0,0,
803,Onrea Jones,CHI,WR,0,0,0,0,0,0,0,0,0,0,0,0,
804,Taj Smith,IND,WR,0,0,0,0,0,0,0,0,0,0,0,0,
805,Nate Hughes,JAC,WR,0,0,0,0,0,0,0,0,0,0,0,0,
806,Rod Harper,PHI,WR,0,0,0,0,0,0,0,0,0,0,0,0,
807,Mike Furrey,WAS,WR,0,0,0,0,0,0,0,0,0,0,0,0,
808,Maurice Purify,CIN,WR,0,0,0,0,0,0,0,0,0,0,0,0,
809,Sam Giguere,NYG,WR,0,0,0,0,0,0,0,0,0,0,0,0,
810,Marken Michel,WAS,WR,0,0,0,0,0,0,0,0,0,0,0,0,
811,Geronimo Allison,ATL,WR,0,0,0,0,0,0,0,0,0,0,0,0,
812,Victor Bolden Jr.,ARI,WR,0,0,0,0,0,0,0,0,0,0,0,0,
813,Robert Foster,NYG,WR,0,0,0,0,0,0,0,0,0,0,0,0,
814,Javon Wims,CLE,WR,0,0,0,0,0,0,0,0,0,0,0,0,
815,Richie James Jr.,NYG,WR,0,0,0,0,0,0,0,0,0,0,0,0,
816,Trey Quinn,DEN,WR,0,0,0,0,0,0,0,0,0,0,0,0,
817,Deon Cain,PHI,WR,0,0,0,0,0,0,0,0,0,0,0,0,
818,Marcell Ateman,ARI,WR,0,0,0,0,0,0,0,0,0,0,0,0,
819,River Cracraft,MIA,WR,0,0,0,0,0,0,0,0,0,0,0,0,
820,Rodney Adams,FA,WR,0,0,0,0,0,0,0,0,0,0,0,0,
821,Ryan Switzer,FA,WR,0,0,0,0,0,0,0,0,0,0,0,0,
822,David Moore,CHI,WR,0,0,0,0,0,0,0,0,0,0,0,0,
823,Tanner Gentry,BUF,WR,0,0,0,0,0,0,0,0,0,0,0,0,
824,Bug Howard,TB,WR,0,0,0,0,0,0,0,0,0,0,0,0,
825,Justin Hardee,NYJ,WR,0,0,0,0,0,0,0,0,0,0,0,0,
826,JoJo Natson,FA,WR,0,0,0,0,0,0,0,0,0,0,0,0,
827,Michael Thomas,NO,WR,0,0,0,0,0,0,0,0,0,0,0,0,
828,Allen Hurns,FA,WR,0,0,0,0,0,0,0,0,0,0,0,0,
829,Corey Coleman,KC,WR,0,0,0,0,0,0,0,0,0,0,0,0,
830,Daylen Baldwin,CLE,WR,0,0,0,0,0,0,0,0,0,0,0,0,
831,Ty Montgomery,NE,WR,15,44,0,16,95,0,0,0,0,0,0,0,
832,Devin Smith,FA,WR,0,0,0,0,0,0,0,0,0,0,0,0,
833,Devin Funchess,DET,WR,0,0,0,0,0,0,0,0,0,0,0,0,
834,Alex Bachman,NYG,WR,1,-3,0,0,0,0,0,0,0,0,0,0,
835,Malik Taylor,GB,WR,0,0,0,2,14,0,1,0,0,0,0,0,
836,Racey McMath,TEN,WR,0,0,0,2,8,0,1,0,0,0,0,0,
837,J.J. Koski,LAR,WR,0,0,0,0,0,0,1,0,0,0,0,0,
838,Travis Benjamin,FA,WR,0,0,0,0,0,0,1,0,0,0,0,0,
839,Diontae Spencer,FA,WR,0,0,0,1,-3,0,2,0,0,0,0,0,
840,Mark Andrews,BAL,TE,1,0,0,107,"1,361",9,0,0,0,0,0,0,
841,Travis Kelce,KC,TE,2,3,1,92,"1,125",9,1,0,0,0,0,0,
842,Dalton Schultz,DAL,TE,0,0,0,78,808,8,0,0,0,0,0,0,
843,George Kittle,SF,TE,3,20,0,71,910,6,1,0,0,0,0,0,
844,Rob Gronkowski,FA,TE,0,0,0,55,802,6,0,0,0,0,0,0,
845,Dawson Knox,BUF,TE,0,4,0,49,587,9,0,0,0,0,0,0,
846,Hunter Henry,NE,TE,0,0,0,50,603,9,0,0,0,0,0,0,
847,Dallas Goedert,PHI,TE,0,0,0,56,830,4,0,0,0,0,0,0,
848,Kyle Pitts,ATL,TE,0,0,0,68,"1,026",1,0,0,0,0,0,0,
849,Zach Ertz,ARI,TE,1,4,0,74,763,5,0,0,0,0,0,0,
850,Mike Gesicki,MIA,TE,0,0,0,73,780,2,0,0,0,0,0,0,
851,Pat Freiermuth,PIT,TE,0,0,0,60,497,7,1,0,0,0,0,0,
852,Noah Fant,SEA,TE,0,0,0,68,670,4,0,0,0,0,0,0,
853,Tyler Higbee,LAR,TE,0,0,0,61,560,5,0,0,0,0,0,0,
854,Jared Cook,FA,TE,0,0,0,48,564,4,0,0,0,0,0,0,
855,T.J. Hockenson,DET,TE,0,0,0,61,583,4,0,0,0,0,0,0,
856,C.J. Uzomah,NYJ,TE,0,0,0,49,493,5,0,0,0,0,0,0,
857,Darren Waller,LV,TE,0,0,0,55,665,2,0,0,0,0,0,0,
858,Tyler Conklin,NYJ,TE,0,0,0,61,593,3,0,0,0,0,0,0,
859,David Njoku,CLE,TE,1,1,0,36,475,4,0,0,0,0,0,0,
860,Gerald Everett,LAC,TE,3,20,0,48,478,4,2,0,0,0,0,0,
861,Cole Kmet,CHI,TE,1,0,0,60,612,0,0,0,0,0,0,0,
862,Evan Engram,JAC,TE,1,-3,0,46,408,3,1,0,0,0,0,0,
863,Mo Alie-Cox,IND,TE,0,0,0,24,316,4,0,0,0,0,0,0,
864,Foster Moreau,LV,TE,0,0,0,30,373,3,0,0,0,0,0,0,
865,Austin Hooper,TEN,TE,0,0,0,38,345,3,0,0,0,0,0,0,
866,Jack Doyle,FA,TE,0,0,0,29,302,3,0,0,0,0,0,0,
867,Cameron Brate,TB,TE,0,0,0,30,245,4,0,0,0,0,0,0,
868,Albert Okwuegbunam,DEN,TE,0,0,0,33,330,2,1,0,0,0,0,0,
869,Harrison Bryant,CLE,TE,0,0,0,21,233,3,0,0,0,0,0,0,
870,Dan Arnold,JAC,TE,0,0,0,35,408,0,1,0,0,0,0,0,
871,Juwan Johnson,NO,TE,0,0,0,13,159,4,0,0,0,0,0,0,
872,Jonnu Smith,NE,TE,9,40,0,28,294,1,0,0,0,0,0,0,
873,Ricky Seals-Jones,NYG,TE,0,0,0,30,271,2,0,0,0,0,0,0,
874,Anthony Firkser,ATL,TE,0,0,0,34,291,2,1,0,0,0,0,0,
875,Donald Parham Jr.,LAC,TE,0,0,0,20,190,3,0,0,0,0,0,0,
876,Geoff Swaim,TEN,TE,0,0,0,31,210,3,0,0,0,0,0,0,
877,Ryan Griffin,CHI,TE,0,0,0,27,261,2,0,0,0,0,0,0,
878,Hayden Hurst,CIN,TE,0,0,0,26,221,3,1,0,0,0,0,0,
879,Jimmy Graham,FA,TE,0,0,0,14,167,3,0,0,0,0,0,0,
880,Josiah Deguara,GB,TE,0,0,0,25,245,2,0,0,0,0,0,0,
881,Adam Trautman,NO,TE,0,0,0,27,263,2,1,0,0,0,0,0,
882,Durham Smythe,MIA,TE,2,3,0,34,357,0,0,0,0,0,0,0,
883,Brevin Jordan,HOU,TE,0,0,0,20,178,3,0,0,0,0,0,0,
884,Logan Thomas,WAS,TE,0,0,0,18,196,3,1,0,0,0,0,0,
885,MyCole Pruitt,ATL,TE,0,0,0,14,145,3,0,0,0,0,0,0,
886,Kyle Rudolph,TB,TE,0,0,0,26,257,1,0,0,0,0,0,0,
887,Tommy Tremble,CAR,TE,3,11,1,20,180,1,0,0,0,0,0,0,
888,Robert Tonyan,GB,TE,0,0,0,18,204,2,0,0,0,0,0,0,
889,John Bates,WAS,TE,0,0,0,20,249,1,0,0,0,0,0,0,
890,Will Dissly,SEA,TE,0,0,0,21,231,1,0,0,0,0,0,0,
891,James O'Shaughnessy,CHI,TE,0,0,0,24,244,0,0,0,0,0,0,0,
892,Maxx Williams,ARI,TE,0,0,0,16,193,1,0,0,0,0,0,0,
893,Brock Wright,DET,TE,0,0,0,12,117,2,0,0,0,0,0,0,
894,Tyler Kroft,SF,TE,0,0,0,16,173,1,0,0,0,0,0,0,
895,Stephen Anderson,ARI,TE,0,0,0,16,165,1,0,0,0,0,0,0,
896,Blake Jarwin,FA,TE,0,0,0,11,96,2,0,0,0,0,0,0,
897,Marcedes Lewis,GB,TE,0,0,0,23,214,0,0,0,0,0,0,0,
898,Eric Ebron,FA,TE,1,1,1,12,84,1,0,0,0,0,0,0,
899,O.J. Howard,BUF,TE,0,0,0,14,135,1,0,0,0,0,0,0,
900,Nick Vannett,NO,TE,0,0,0,9,133,1,0,0,0,0,0,0,
901,Ian Thomas,CAR,TE,0,0,0,18,188,0,0,0,0,0,0,0,
902,Jordan Akins,NYG,TE,1,3,0,24,214,0,2,0,0,0,0,0,
903,Zach Gentry,PIT,TE,0,0,0,19,167,0,0,0,0,0,0,0,
904,Pharaoh Brown,HOU,TE,0,0,0,23,171,0,1,0,0,0,0,0,
905,Jesper Horsted,LV,TE,0,0,0,2,21,2,0,0,0,0,0,0,
906,Chris Manhertz,JAC,TE,0,0,0,6,71,1,0,0,0,0,0,0,
907,Lee Smith,FA,TE,0,0,0,9,65,1,0,0,0,0,0,0,
908,Jesse James,FA,TE,0,0,0,7,62,1,0,0,0,0,0,0,
909,Jacob Hollister,LV,TE,0,0,0,9,55,1,0,0,0,0,0,0,
910,Ross Dwelley,SF,TE,0,0,0,4,51,1,0,0,0,0,0,0,
911,Adam Shaheen,MIA,TE,0,0,0,12,110,0,0,0,0,0,0,0,
912,Eric Saubert,DEN,TE,0,0,0,8,47,1,0,0,0,0,0,0,
913,Antony Auclair,HOU,TE,0,0,0,5,47,1,0,0,0,0,0,0,
914,Kylen Granson,IND,TE,0,0,0,11,106,0,0,0,0,0,0,0,
915,Tommy Sweeney,BUF,TE,0,0,0,9,44,1,0,0,0,0,0,0,
916,Chris Herndon IV,NO,TE,0,0,0,4,40,1,0,0,0,0,0,0,
917,Blake Bell,KC,TE,4,10,0,9,87,0,0,0,0,0,0,0,
918,Noah Gray,KC,TE,0,0,0,7,36,1,0,0,0,0,0,0,
919,Sean McKeon,DAL,TE,0,0,0,4,27,1,0,0,0,0,0,0,
920,Tyree Jackson,PHI,TE,0,0,0,3,22,1,0,0,0,0,0,0,
921,Drew Sample,CIN,TE,0,0,0,11,81,0,0,0,0,0,0,0,
922,Chris Myarick,NYG,TE,0,0,0,3,17,1,0,0,0,0,0,0,
923,Josh Oliver,BAL,TE,0,0,0,9,66,0,0,0,0,0,0,0,
924,Luke Farrell,JAC,TE,0,0,0,7,56,0,0,0,0,0,0,0,
925,Charlie Woerner,SF,TE,0,0,0,5,52,0,0,0,0,0,0,0,
926,Tre' McKitty,LAC,TE,0,0,0,6,45,0,0,0,0,0,0,0,
927,Darren Fells,FA,TE,0,0,0,4,43,0,0,0,0,0,0,0,
928,Parker Hesse,ATL,TE,0,0,0,5,43,0,0,0,0,0,0,0,
929,Garrett Griffin,FA,TE,0,0,0,4,39,0,0,0,0,0,0,0,
930,Kendall Blanton,LAR,TE,0,0,0,4,37,0,0,0,0,0,0,0,
931,Kenny Yeboah,NYJ,TE,0,0,0,2,36,0,0,0,0,0,0,0,
932,Tyler Davis,GB,TE,0,0,0,4,35,0,0,0,0,0,0,0,
933,Trevon Wesco,NYJ,TE,0,0,0,3,35,0,0,0,0,0,0,0,
934,Dominique Dafney,FA,TE,0,0,0,2,34,0,0,0,0,0,0,0,
935,Shane Zylstra,DET,TE,0,0,0,3,34,0,0,0,0,0,0,0,
936,Kaden Smith,FA,TE,0,0,0,3,33,0,0,0,0,0,0,0,
937,Colby Parkinson,SEA,TE,0,0,0,5,33,0,0,0,0,0,0,0,
938,Jeremy Sprinkle,DAL,TE,0,0,0,3,31,0,0,0,0,0,0,0,
939,Tommy Hudson,TEN,TE,0,0,0,3,31,0,0,0,0,0,0,0,
940,Daniel Brown,FA,TE,0,0,0,2,29,0,0,0,0,0,0,0,
941,Jack Stoll,PHI,TE,0,0,0,4,22,0,0,0,0,0,0,0,
942,Mitchell Wilcox,CIN,TE,0,0,0,3,16,0,0,0,0,0,0,0,
943,Cethan Carter,MIA,TE,0,0,0,2,16,0,0,0,0,0,0,0,
944,Derek Carrier,FA,TE,0,0,0,2,13,0,0,0,0,0,0,0,
945,Luke Stocker,FA,TE,0,0,0,2,12,0,0,0,0,0,0,0,
946,Richard Rodgers,PHI,TE,0,0,0,2,11,0,0,0,0,0,0,0,
947,Demetrius Harris,FA,TE,0,0,0,3,10,0,0,0,0,0,0,0,
948,Johnny Mundt,MIN,TE,0,0,0,1,9,0,0,0,0,0,0,0,
949,Brycen Hopkins,LAR,TE,0,0,0,1,9,0,0,0,0,0,0,0,
950,Hunter Long,MIA,TE,0,0,0,1,8,0,0,0,0,0,0,0,
951,Kevin Rader,PIT,TE,0,0,0,2,8,0,0,0,0,0,0,0,
952,Ethan Wolf,FA,TE,0,0,0,2,8,0,0,0,0,0,0,0,
953,Eric Tomlinson,DEN,TE,0,0,0,1,7,0,0,0,0,0,0,0,
954,Nick Boyle,BAL,TE,0,0,0,1,2,0,0,0,0,0,0,0,
955,Scotty Washington,CIN,TE,0,0,0,0,0,0,0,0,0,0,0,0,
956,Eli Wolf,WAS,TE,0,0,0,0,0,0,0,0,0,0,0,0,
957,Rashod Berry,JAC,TE,0,0,0,0,0,0,0,0,0,0,0,0,
958,Nakia Griffin-Stewart,CLE,TE,0,0,0,0,0,0,0,0,0,0,0,0,
959,Reggie Gilliam,BUF,TE,3,3,0,3,23,0,0,0,0,0,0,0,
960,Farrod Green,FA,TE,0,0,0,0,0,0,0,0,0,0,0,0,
961,Nick Bowers,LV,TE,0,0,0,0,0,0,0,0,0,0,0,0,
962,Josh Hokit,ARI,TE,0,0,0,0,0,0,0,0,0,0,0,0,
963,Sage Surratt,LAC,TE,0,0,0,0,0,0,0,0,0,0,0,0,
964,Giovanni Ricci,CAR,TE,0,0,0,0,0,0,0,0,0,0,0,0,
965,J.J. Arcega-Whiteside,SEA,TE,0,0,0,2,36,0,0,0,0,0,0,0,
966,Jaeden Graham,PHI,TE,0,0,0,0,0,0,0,0,0,0,0,0,
967,Alize Mack,GB,TE,0,0,0,0,0,0,0,0,0,0,0,0,
968,Irv Smith Jr.,MIN,TE,0,0,0,0,0,0,0,0,0,0,0,0,
969,Jace Sternberger,PIT,TE,0,0,0,0,0,0,0,0,0,0,0,0,
970,Andrew Beck,DEN,TE,0,0,0,0,0,0,0,0,0,0,0,0,
971,Jordan Franks,KC,TE,0,0,0,0,0,0,0,0,0,0,0,0,
972,Tanner Hudson,SF,TE,0,0,0,0,0,0,0,0,0,0,0,0,
973,Deon Yelder,ARI,TE,0,0,0,1,0,0,0,0,0,0,0,0,
974,Codey McElroy,FA,TE,0,0,0,0,0,0,0,0,0,0,0,0,
975,Tyler Mabry,SEA,TE,0,0,0,0,0,0,0,0,0,0,0,0,
976,Jared Pinkney,LAR,TE,0,0,0,0,0,0,0,0,0,0,0,0,
977,Antonio Gandy-Golden,FA,TE,0,0,0,0,0,0,0,0,0,0,0,0,
978,Devin Asiasi,NE,TE,0,0,0,0,0,0,0,0,0,0,0,0,
979,Chase Allen,CHI,TE,0,0,0,0,0,0,0,0,0,0,0,0,
980,Dalton Keene,NE,TE,0,0,0,0,0,0,0,0,0,0,0,0,
981,Thaddeus Moss,CIN,TE,0,0,0,0,0,0,0,0,0,0,0,0,
982,Stephen Sullivan,CAR,TE,0,0,0,0,0,0,0,0,0,0,0,0,
983,Noah Togiai,PHI,TE,0,0,0,0,0,0,0,0,0,0,0,0,
984,Ben Ellefson,MIN,TE,0,0,0,0,0,0,0,0,0,0,0,0,
985,Lawrence Cager,NYJ,TE,0,0,0,0,0,0,0,0,0,0,0,0,
986,John Lovett,MIA,TE,0,0,0,0,0,0,0,0,0,0,0,0,
987,Jody Fortson,KC,TE,0,0,0,5,47,2,0,0,0,0,0,0,
988,Nate Becker,GB,TE,0,0,0,0,0,0,0,0,0,0,0,0,
989,Matt Sokol,NE,TE,0,0,0,0,0,0,0,0,0,0,0,0,
990,Matthew Orzech,LAR,TE,0,0,0,0,0,0,0,0,0,0,0,0,
991,Austin Allen,NYG,TE,0,0,0,0,0,0,0,0,0,0,0,0,
992,Michael Jacobson,IND,TE,0,0,0,0,0,0,0,0,0,0,0,0,
993,Cole Turner,WAS,TE,0,0,0,0,0,0,0,0,0,0,0,0,
994,Jeremy Ruckert,NYJ,TE,0,0,0,0,0,0,0,0,0,0,0,0,
995,Isaiah Likely,BAL,TE,0,0,0,0,0,0,0,0,0,0,0,0,
996,Sal Cannella,GB,TE,0,0,0,0,0,0,0,0,0,0,0,0,
997,Jelani Woods,IND,TE,0,0,0,0,0,0,0,0,0,0,0,0,
998,Derrick Deese Jr.,DET,TE,0,0,0,0,0,0,0,0,0,0,0,0,
999,Chigoziem Okonkwo,TEN,TE,0,0,0,0,0,0,0,0,0,0,0,0,
1000,Nikola Kalinic,IND,TE,0,0,0,0,0,0,0,0,0,0,0,0,
1001,Grant Calcaterra,PHI,TE,0,0,0,0,0,0,0,0,0,0,0,0,
1002,John FitzPatrick,ATL,TE,0,0,0,0,0,0,0,0,0,0,0,0,
1003,Tanner Conner,MIA,TE,0,0,0,0,0,0,0,0,0,0,0,0,
1004,Jalen Wydermyer,NE,TE,0,0,0,0,0,0,0,0,0,0,0,0,
1005,Greg Dulcich,DEN,TE,0,0,0,0,0,0,0,0,0,0,0,0,
1006,James Mitchell,DET,TE,0,0,0,0,0,0,0,0,0,0,0,0,
1007,Cade Otton,TB,TE,0,0,0,0,0,0,0,0,0,0,0,0,
1008,Sammis Reyes,WAS,TE,0,0,0,0,0,0,0,0,0,0,0,0,
1009,Jacob Harris,LAR,TE,0,0,0,0,0,0,0,0,0,0,0,0,
1010,Ben Mason,BAL,TE,0,0,0,0,0,0,0,0,0,0,0,0,
1011,Briley Moore,FA,TE,0,0,0,0,0,0,0,0,0,0,0,0,
1012,Noah Grey,KC,TE,0,0,0,0,0,0,0,0,0,0,0,0,
1013,Nick Ralston,FA,TE,0,0,0,0,0,0,0,0,0,0,0,0,
1014,Hunter Kampmoyer,LAC,TE,0,0,0,0,0,0,0,0,0,0,0,0,
1015,Zach Davidson,MIN,TE,0,0,0,0,0,0,0,0,0,0,0,0,
1016,John Raine,ATL,TE,0,0,0,0,0,0,0,0,0,0,0,0,
1017,Shaun Beyer,MIN,TE,0,0,0,0,0,0,0,0,0,0,0,0,
1018,Bernhard Seikovits,ARI,TE,0,0,0,0,0,0,0,0,0,0,0,0,
1019,Jake Hausmann,FA,TE,0,0,0,0,0,0,0,0,0,0,0,0,
1020,Teagan Quitoriano,HOU,TE,0,0,0,0,0,0,0,0,0,0,0,0,
1021,Gerrit Prince,JAC,TE,0,0,0,0,0,0,0,0,0,0,0,0,
1022,Zaire Mitchell-Paden,CLE,TE,0,0,0,0,0,0,0,0,0,0,0,0,
1023,Cade Brewer,SEA,TE,0,0,0,0,0,0,0,0,0,0,0,0,
1024,Kehinde Oginni Hassan,KC,TE,0,0,0,0,0,0,0,0,0,0,0,0,
1025,Jake Tonges,CHI,TE,0,0,0,0,0,0,0,0,0,0,0,0,
1026,Roger Carter,LAR,TE,0,0,0,0,0,0,0,0,0,0,0,0,
1027,Dylan Parham,DEN,TE,0,0,0,0,0,0,0,0,0,0,0,0,
1028,Andre Miller,NYG,TE,0,0,0,0,0,0,0,0,0,0,0,0,
1029,Justin Rigg,CIN,TE,0,0,0,0,0,0,0,0,0,0,0,0,
1030,Leroy Watson,ATL,TE,0,0,0,0,0,0,0,0,0,0,0,0,
1031,Cole Fotheringham,LV,TE,0,0,0,0,0,0,0,0,0,0,0,0,
1032,Jared Scott,CAR,TE,0,0,0,0,0,0,0,0,0,0,0,0,
1033,JJ Howland,TB,TE,0,0,0,0,0,0,0,0,0,0,0,0,
1034,Grayson Gunter,JAC,TE,0,0,0,0,0,0,0,0,0,0,0,0,
1035,Daniel Bellinger,NYG,TE,0,0,0,0,0,0,0,0,0,0,0,0,
1036,Nick Muse,MIN,TE,0,0,0,0,0,0,0,0,0,0,0,0,
1037,Lucas Krull,NO,TE,0,0,0,0,0,0,0,0,0,0,0,0,
1038,Armani Rogers,WAS,TE,0,0,0,0,0,0,0,0,0,0,0,0,
1039,Chris Pierce Jr.,ARI,TE,0,0,0,0,0,0,0,0,0,0,0,0,
1040,Andrew Ogletree,IND,TE,0,0,0,0,0,0,0,0,0,0,0,0,
1041,Connor Heyward,PIT,TE,0,0,0,0,0,0,0,0,0,0,0,0,
1042,Ko Kieft,TB,TE,0,0,0,0,0,0,0,0,0,0,0,0,
1043,Seth Green,HOU,TE,0,0,0,0,0,0,0,0,0,0,0,0,
1044,Josh Babicz,CAR,TE,0,0,0,0,0,0,0,0,0,0,0,0,
1045,Erik Krommenhoek,LAC,TE,0,0,0,0,0,0,0,0,0,0,0,0,
1046,Stone Smartt,LAC,TE,0,0,0,0,0,0,0,0,0,0,0,0,
1047,Marcus Santos-Silva,CLE,TE,0,0,0,0,0,0,0,0,0,0,0,0,
1048,Curtis Hodges,WAS,TE,0,0,0,0,0,0,0,0,0,0,0,0,
1049,Matt Bushman,KC,TE,0,0,0,0,0,0,0,0,0,0,0,0,
1050,Trey McBride,ARI,TE,0,0,0,0,0,0,0,0,0,0,0,0,
1051,Peyton Hendershot,DAL,TE,0,0,0,0,0,0,0,0,0,0,0,0,
1052,Tony Poljan,BAL,TE,0,0,0,0,0,0,0,0,0,0,0,0,
1053,Miller Forristall,CLE,TE,0,0,0,0,0,0,0,0,0,0,0,0,
1054,Paul Quessenberry,HOU,TE,0,0,0,0,0,0,0,0,0,0,0,0,
1055,Jake Ferguson,DAL,TE,0,0,0,0,0,0,0,0,0,0,0,0,
1056,Charlie Kolar,BAL,TE,0,0,0,0,0,0,0,0,0,0,0,0,
1057,Quintin Morris,BUF,TE,0,0,0,0,0,0,0,0,0,0,0,0,
1058,Nick Eubanks,CIN,TE,0,0,0,0,0,0,0,0,0,0,0,0,
1059,Taysom Hill,NO,TE,70,374,5,4,52,0,0,0,0,0,0,0,
1060,Dominique Curry,DET,TE,0,0,0,0,0,0,0,0,0,0,0,0,
1061,James Dearth,NYJ,TE,0,0,0,0,0,0,0,0,0,0,0,0,
1062,Marquez Branson,ATL,TE,0,0,0,0,0,0,0,0,0,0,0,0,
1063,Jordan Matthews,SF,TE,0,0,0,0,0,0,0,0,0,0,0,0,
1064,Drake Dunsmore,TB,TE,0,0,0,0,0,0,0,0,0,0,0,0,
1065,Darnell Dinkins,NO,TE,0,0,0,0,0,0,0,0,0,0,0,0,
1066,Derek Fine,HOU,TE,0,0,0,0,0,0,0,0,0,0,0,0,
1067,J.P. Foschi,CIN,TE,0,0,0,0,0,0,0,0,0,0,0,0,
1068,Brad Cottam,KC,TE,0,0,0,0,0,0,0,0,0,0,0,0,
1069,Clark Harris,CIN,TE,0,0,0,0,0,0,0,0,0,0,0,0,
1070,Justin Snow,IND,TE,0,0,0,0,0,0,0,0,0,0,0,0,
1071,Joey Haynos,MIA,TE,0,0,0,0,0,0,0,0,0,0,0,0,
1072,Keith Zinger,ATL,TE,0,0,0,0,0,0,0,0,0,0,0,0,
1073,J.P. Holtz,NO,TE,0,0,0,0,0,0,0,0,0,0,0,0,
1074,Zach Wood,NO,TE,0,0,0,0,0,0,0,0,0,0,0,0,
1075,Jeff Driskel,HOU,TE,0,0,0,0,0,0,0,0,0,0,0,0,
1076,Beau Brinkley,ATL,TE,0,0,0,0,0,0,0,0,0,0,0,0,
1077,James Winchester,KC,TE,0,0,0,0,0,0,0,0,0,0,0,0,
1078,Tyler Ott,SEA,TE,0,0,0,0,0,0,0,0,0,0,0,0,
1079,Patrick Scales,CHI,TE,0,0,0,0,0,0,0,0,0,0,0,0,
1080,Andrew DePaola,MIN,TE,0,0,0,0,0,0,0,0,0,0,0,0,
1081,Colin Thompson,CAR,TE,0,0,0,0,0,0,0,0,0,0,0,0,
1082,Troy Fumagalli,SF,TE,0,0,0,0,0,0,0,0,0,0,0,0,
1083,David Wells,TEN,TE,0,0,0,0,0,0,0,0,0,0,0,0,
1084,Darrell Daniels,FA,TE,0,0,0,1,0,0,0,0,0,0,0,0,
1085,Mason Schreck,HOU,TE,0,0,0,0,0,0,0,0,0,0,0,0,
1086,Bug Howard,TB,TE,0,0,0,0,0,0,0,0,0,0,0,0,
1087,Devin Funchess,DET,TE,0,0,0,0,0,0,0,0,0,0,0,0,
1088,Thomas Odukoya,TEN,TE,0,0,0,0,0,0,0,0,0,0,0,0,
1089,Daniel Helm,FA,TE,0,0,0,1,-1,0,0,0,0,0,0,0,
